window_id,music_prob,singing_prob,snr_db,dnsmos_ovrl
-3BTKFtZldo_000,0.8609849214553833,0.011146452277898788,6.191693305969238,1.6360134001638071
-3BTKFtZldo_001,0.8772775530815125,0.0031994192395359278,10.001691818237305,1.883913702213988
-3BTKFtZldo_002,0.9147104024887085,0.014887651428580284,1.253121256828308,2.22608213540826
-9oY4_qcCfg_000,0.5972972512245178,0.00574194872751832,56.378501892089844,3.173351132324662
-9oY4_qcCfg_001,0.8504090309143066,0.022213317453861237,20.552661895751953,2.5785690369840757
-9oY4_qcCfg_002,0.7875522375106812,0.005760153755545616,19.43374252319336,2.548287189643373
-9oY4_qcCfg_003,0.854030430316925,0.005388573277741671,20.437793731689453,2.696320809181754
-9oY4_qcCfg_004,0.8892892599105835,0.022560004144906998,17.335912704467773,2.478539703792969
-9oY4_qcCfg_005,0.8516568541526794,0.016100086271762848,27.289958953857422,2.5844256819464113
-9oY4_qcCfg_006,0.8298583030700684,0.0028335966635495424,17.683700561523438,2.6706233780829973
-9oY4_qcCfg_007,0.8368344306945801,0.0037632000166922808,13.975258827209473,1.2252535759077898
-9oY4_qcCfg_008,0.8983310461044312,0.004846686031669378,20.65979766845703,2.6839704482319466
-9oY4_qcCfg_009,0.8596475124359131,0.015153874643146992,23.43912696838379,2.44201359655817
-9oY4_qcCfg_010,0.85260409116745,0.00630981894209981,22.22316551208496,2.6377340395748727
-9oY4_qcCfg_011,0.8582460284233093,0.006662530824542046,17.207916259765625,2.8091307215357464
-9oY4_qcCfg_012,0.8555944561958313,0.0031577041372656822,14.84135913848877,2.382387696436334
-9oY4_qcCfg_013,0.7920425534248352,0.0034178118221461773,17.72406578063965,2.1275797617357237
-9oY4_qcCfg_014,0.02660468779504299,0.000566396105568856,69.71815490722656,2.954425240281334
-9oY4_qcCfg_015,0.03261120617389679,0.0006202029762789607,65.61312103271484,3.09772177845025
-uB4Z9Vdv3E_000,0.8717551827430725,0.004382900428026915,14.022335052490234,2.4862576526730273
-uB4Z9Vdv3E_001,0.935611367225647,0.006509894970804453,9.79706859588623,2.415898945967573
-uB4Z9Vdv3E_002,0.8934125900268555,0.009169748052954674,10.847905158996582,2.2657360919883485
-uB4Z9Vdv3E_003,0.027677949517965317,0.0005627901409752667,64.61258697509766,3.0336427573968785
0xkI0AW6xfQ_000,0.8225656151771545,0.036630574613809586,9.429195404052734,2.4305569948880867
0xkI0AW6xfQ_001,0.33462193608283997,0.14391210675239563,18.36503028869629,1.0888119870559692
0xkI0AW6xfQ_002,0.2300308346748352,0.16342107951641083,15.581191062927246,1.912113360908641
0xkI0AW6xfQ_003,0.44624561071395874,0.08229761570692062,8.85836124420166,1.0902365605731803
0xkI0AW6xfQ_004,0.30286112427711487,0.04384886473417282,32.48404312133789,1.9018772994574693
0xkI0AW6xfQ_005,0.2922709286212921,0.06928058713674545,34.9049072265625,1.0310650027258212
0xkI0AW6xfQ_006,0.8230106234550476,0.0010537970811128616,14.928932189941406,2.7408426162851187
0xkI0AW6xfQ_007,0.8362654447555542,0.009712887927889824,10.453780174255371,2.0748602059820076
0xkI0AW6xfQ_008,0.8700075745582581,0.0014097891980782151,6.0634765625,1.1591042020512146
0xkI0AW6xfQ_009,0.9122971892356873,0.004879859276115894,6.0117669105529785,1.3552104758505885
0xkI0AW6xfQ_010,0.9142456650733948,0.007422738708555698,6.708114147186279,1.5804655788403112
0xkI0AW6xfQ_011,0.9390377998352051,0.0038132858462631702,5.430846691131592,1.267399688678937
0xkI0AW6xfQ_012,0.8843520283699036,0.006727897562086582,17.72983169555664,1.7442876749312581
0xkI0AW6xfQ_013,0.796210765838623,0.009259125217795372,7.915924549102783,1.6778700991787578
0xkI0AW6xfQ_014,0.7853541970252991,0.010426393710076809,7.411459922790527,1.5858055820081172
0xkI0AW6xfQ_015,0.8134888410568237,0.0034035714343190193,8.275934219360352,1.3664428845679357
0xkI0AW6xfQ_016,0.8063663840293884,0.006023441907018423,9.835721015930176,1.55313450717022
0xkI0AW6xfQ_017,0.7798289656639099,0.01676291972398758,7.9418182373046875,1.7185428799600098
0xkI0AW6xfQ_018,0.8189036846160889,0.009156846441328526,9.795318603515625,1.8624316797429017
0xkI0AW6xfQ_019,0.9190608859062195,0.0012242175871506333,5.925297737121582,1.7655138771774685
10G-1WZq5jc_000,0.8812453746795654,0.012135308235883713,7.649930477142334,2.4069267518230553
10G-1WZq5jc_001,0.9209468960762024,0.0016586162382736802,2.213721990585327,1.4243607951239472
10G-1WZq5jc_002,0.9118690490722656,0.01919715665280819,3.880983591079712,1.1084128811512135
10G-1WZq5jc_003,0.9332031607627869,0.004986838903278112,5.978365421295166,1.624647631572226
10G-1WZq5jc_004,0.9359867572784424,0.00515240291133523,5.901819705963135,1.151428293916609
10G-1WZq5jc_005,0.9110779166221619,0.0021740971133112907,7.056972503662109,1.172726560618598
10G-1WZq5jc_006,0.8599554896354675,0.01684909127652645,5.328195095062256,1.0949915315629342
10G-1WZq5jc_007,0.933289647102356,0.007319881115108728,7.980396270751953,1.3926638824972266
10G-1WZq5jc_008,0.7441497445106506,0.004908069036900997,10.169621467590332,1.8841133880450438
10G-1WZq5jc_009,0.7244834303855896,0.006903229746967554,10.079279899597168,1.8085685819127504
10G-1WZq5jc_010,0.8197824358940125,0.04042988643050194,11.291618347167969,2.2452480639098553
10G-1WZq5jc_011,0.7672746777534485,0.01538311317563057,9.92716121673584,1.9276401058953068
10G-1WZq5jc_012,0.8728662729263306,0.009925504215061665,12.703713417053223,2.143317110384186
10G-1WZq5jc_013,0.9010522365570068,0.001979693304747343,9.06747055053711,2.201346063575288
10G-1WZq5jc_014,0.0938364788889885,0.02801458351314068,58.75381088256836,2.9251554235358896
10G-1WZq5jc_015,0.22362446784973145,0.24658694863319397,35.12099075317383,1.311152549306668
10G-1WZq5jc_016,0.29858043789863586,0.06620938330888748,33.46136474609375,1.1517589769156458
10G-1WZq5jc_017,0.8169121742248535,0.0067336359061300755,6.315056324005127,1.9205000336142417
10G-1WZq5jc_018,0.9210582375526428,0.0009322304395027459,6.9182047843933105,1.0946799915907985
