video_id,title,upload_date,n_windows,speech_s,content_type,matched_keywords,film_related_core,n_syllables_AB,n_exact_AB,n_windows_AB,agreement_AB
-3BTKFtZldo,【李龍基王青霞鬧劇】有情有義李隆基，一出嚟就娶硬你,20240221,3,63.13,film_clip,李龍基|王青霞,False,145,121,3,0.8344827586206897
-9oY4_qcCfg,【曾江金句的大智慧】獨樂樂不如眾樂樂《孟子•梁惠王下》；當我開心和過癮，也想益埋其他人,20220513,16,139.74,contemporary,,False,391,367,16,0.9386189258312021
-RGj8xb9R8A,【江旻憓急流勇退】發揮生命到極致，另闢蹊徑再奔馳,20240804,4,57.76,contemporary,,False,132,116,4,0.8787878787878788
-ZzrfGa0S0w,【元宵咸湿对联】洞中泉水流不尽，山间清风迎面来；抵死、过瘾、啜核,20220215,13,235.74,contemporary,,False,517,493,11,0.9535783365570599
-agnQ40mEM8,【張衞健式無厘頭】一日一蘋果，爛gag一鑼鑼,20240831,3,51.33,contemporary,,False,160,134,3,0.8375
-duPp9s1JzQ,【梗有一間喺左近】無數香港人嘅集體回憶；中招，梗有一單喺左近；强檢，梗有一棟喺左近；有片重溫,20220312,13,41.27,contemporary,,False,133,130,13,0.9774436090225563
-uB4Z9Vdv3E,永遠懷念嘉玲(1935-21/11/2022),20221123,4,107.17,film_clip,嘉玲,False,340,313,4,0.9205882352941176
01cBqZ4P68A,【悼念一代美男阿倫狄龍】Cool 爆眼神殺死人，世上再無真男神,20240818,3,56.03,contemporary,,False,132,119,3,0.9015151515151515
0Hqy8SIu8QM,【《個個揸住個兜 》】史上最強英國國歌惡搞廣東話版,20220909,4,14.72,parody,惡搞,False,15,10,2,0.6666666666666666
0QZPlWu3n7Q,【人間有情，天地有義】鶼鰈情深，濃情輕滲,20221009,5,66.53,contemporary,,False,183,162,5,0.8852459016393442
0bxiKSqEZlU,【收台播英國國歌《個個揸住個兜 》】集體回憶返晒嚟,20220909,4,21.18,contemporary,,False,56,54,3,0.9642857142857143
0oa0RJE4db8,伍允龍第1部孭飛嘅《惡戰》個陣容勁到無倫,20240529,6,53.7,contemporary,,False,175,159,6,0.9085714285714286
0tOUk3VfuGg,【蓮香樓結業】成也老餅，敗也老餅,20220824,17,240.13,contemporary,,False,720,650,15,0.9027777777777778
0xkI0AW6xfQ,【四屆亞洲影后林黛的人生(上)】成名之路：一抵巔峰甚艱難，再抵巔峰非等閒；三抵巔峰難上難，四抵巔峰人驚嘆,20241225,20,479.03,film_clip,林黛,False,1411,1250,15,0.8858965272856131
10G-1WZq5jc,【四屆亞洲影后林黛的人生(下)】走上絕路：身處高峰，最感虛空；面對機遇沒猶豫，面對逆境卻躊躇,20241225,19,463.39,film_clip,林黛,False,1333,1188,17,0.8912228057014253
1Hj6ncrJr0c,【沙田穗禾苑「圍網」拆卸前後】這代表帶走了一切問題嗎？,20251208,6,15.23,contemporary,,False,45,40,6,0.8888888888888888
1Mz-sKyoEy8,【一生中最愛】佛山順德順峰山公園花海前獻唱,20230216,5,24.54,song,獻唱,False,42,36,4,0.8571428571428571
1VbNiBxwg9M,【齊來跟林鄭學嘢】第五波疫情處於高峰平台期，仍然上升或正下降，暫時言之尚早。識得用咁嘅口吻，就唔使畀人成日話「唔嫁又嫁」、「反口覆舌」la！,20220313,21,175.26,contemporary,,False,562,537,21,0.9555160142348754
1W1EWr_0bg8,【告別球王比利】《球王的哀與頌》,20221230,7,91.78,contemporary,,False,200,185,7,0.925
1WefYlPx6ok,【廣東話講呢啲】叫雞出處 - 原來「叫雞」唔關「雞」事！點解「干犯嫖娼」講做「衰叫雞」？,20220919,15,140.22,contemporary,,False,439,400,15,0.9111617312072893
1qtodTd6UME,今時今日「想襟撈」就要聽諸葛亮講「知所乜乜」、「知所物物」,20240817,3,69.43,contemporary,,False,183,158,3,0.8633879781420765
1uc4tqpk9o0,【林鳳嗲死人冇命賠】關關雎鳩非講粗口，窈窕淑女人人想溝；溝之不得講嘢甩咳，再溝不得經脈閉塞,20241204,9,120.58,film_clip,林鳳,True,350,221,9,0.6314285714285715
238-IIxY3Pw,【天國一方III】謹此向新冠疫情期間作出無私奉獻的人士致敬；重編《天各一方》；獨白感悟生死人生、歌詞洗滌心靈思緒,20220519,14,219.84,contemporary,,False,596,501,14,0.8406040268456376
2VLM3MhnyEE,【諸事八卦】呢鑊，你孭鑊！This Wok; You Carry Wok！同「鑊」有咩關係？「孭鑊」鬼佬點講？,20220129,11,172.13,contemporary,,False,536,486,11,0.9067164179104478
2VmuNpNnUEU,【蘇東坡給世人的「人生啟示」】寄蜉蝣於天地，渺滄海之一粟,20251012,4,51.87,contemporary,,False,167,142,4,0.8502994011976048
2Y6itphxVyc,【深度懷念至愛林鳳】大江東去不復返， 似水流年莫輕嘆,20241110,9,37.47,film_clip,林鳳,True,42,36,3,0.8571428571428571
2a1fdlEvm-s,"【李小龍「再度」演繹】英文 ""Be Water"" vs 廣東話 ""如水""",20250915,4,55.49,film_clip,李小龍,True,53,49,3,0.9245283018867925
2anuRVG0ZBc,【安倍晉三遇刺身亡】日本首相~左騰右騰，香港人創造的歇後語,20220708,6,100.42,contemporary,,False,316,276,6,0.8734177215189873
2oJ2qkdgZTw,【百年廖孖記腐乳王】廖孖記受壓執笠，老用家自然心悒,20240720,3,62.81,contemporary,,False,140,121,3,0.8642857142857143
2wdfJrsnKME,【美都餐室復業-彈出彈入】《72載美都情緣續》,20221028,7,103.94,contemporary,,False,326,300,7,0.9202453987730062
389l_ackzDg,【芳芳謝賢齊共舞，應該搵多次都冇】謝賢芳芳昔愛侶，分手多年欣共聚；翩翩起舞牽回憶，人生變幻眼前惜,20250427,5,111.03,film_clip,謝賢,True,454,271,5,0.5969162995594713
3KG2fqfQMG4,【有其利必有其害】「牆梯」設計都方便咗啲賊佬同流浪貓光顧你屋企,20260719,6,35.14,contemporary,,False,107,93,6,0.8691588785046729
3TNcMupTFTQ,尋找李小龍在「赤航」的日子,20251015,6,86.65,film_clip,李小龍,True,322,291,6,0.9037267080745341
3aBRmQ-C51o,YS9a 《多女唔使靠偉哥》,20220116,4,48.83,contemporary,,False,140,134,4,0.9571428571428572
3g0OEhAgPHw,【宇宙最強甄子丹】也有「失腳」時！,20240807,5,86.2,contemporary,,False,310,229,5,0.7387096774193549
3gtSu-CaA6o,【7個銅錢分兩份】估一個廣東話歇後語（2個答案）,20251215,11,34.84,contemporary,,False,105,98,11,0.9333333333333333
3kTKtsSunlg,YS1b 《粉丝经》 浓缩版,20211231,34,281.09,contemporary,,False,554,499,24,0.9007220216606499
3zxz0AndPt0,【王傑式-天長地久，曾經擁有】問世間情為何物，直教生死相許；為咗愛情，竟然連條命都可以唔顧！,20251007,2,25.54,contemporary,,False,72,61,2,0.8472222222222222
47F3lTVpOxc,【《似水流年1984》傳達咗一個重要信息】似水流年不復返，何須成日空嗟嘆；有返咁上下年紀，每日都係賺返嚟,20250612,7,163.19,contemporary,,False,577,428,7,0.7417677642980935
4BE3O130ubk,伍允龍響佢第1部做主角嘅《惡戰》裡頭扮演馬永貞，同陳觀泰72年飾演嗰個點比？,20240601,6,60.26,contemporary,,False,211,186,5,0.8815165876777251
4Eyz895ZCwE,林作vs李龍基：寸你前女友嫁人，攬你裕美過日辰,20240329,4,79.84,film_clip,李龍基,False,187,161,4,0.8609625668449198
4FiG0IQi__Y,【廣東話講呢啲】做雞出處 - 原來「做雞」唔關「雞」事！,20220919,5,79.52,contemporary,,False,238,224,5,0.9411764705882353
4YsyGfojh30,【何詩蓓惡搞何鯊蓓】改下名移燈換凳，呢個名注定封神,20240803,3,57.05,parody,惡搞,False,132,115,3,0.8712121212121212
4bPrey4Dpqo,《尋找他留鬚的故事1》：李小龍出席嘉禾72新春團拜,20240224,8,215.68,film_clip,李小龍,True,785,642,8,0.8178343949044586
4fkaKsVNx9I,【聽林子祥、葉蒨文《選擇》-人生有感】選擇一起單方面，出於蒙蔽禍害延；選擇一起雙方面，一生面對大挑戰,20250628,11,81.79,contemporary,,False,160,143,7,0.89375
4iTUm1J-v0Q,【鄭少秋見證「犀利平」杜平至犀利時刻】有水有水，冇水冇水；要水過水，冇水散水,20250201,12,186.74,contemporary,,False,695,469,11,0.6748201438848921
4kMF-rVbqAc,【廣東話講呢啲】滑劣劣、滑捋捋、滑嘟嘟 - 邊個至滑？,20220815,24,335.04,contemporary,,False,1011,876,22,0.8664688427299704
4mGjUrWl1mg,【油罐咖啡廳】蔗渣價錢非凡感，消閑極致此中尋,20240620,5,66.69,contemporary,,False,158,142,5,0.8987341772151899
4n7T0KeQohU,【倪匡的人生總結(上集)】此生將盡，兩句話可以概括，曰：七八十年皓皓粼粼無為日，五六千萬炎炎詹詹荒唐言,20220706,12,176.42,contemporary,,False,568,474,12,0.8345070422535211
4wZ7DlNlsc0,伍允龍響部陣容鼎盛嘅《惡戰》裡頭打到飛起，部戲都會「仆街」嘅？,20240601,7,163.07,contemporary,,False,611,540,7,0.88379705400982
506blxP58ts,點解叫「屁股」做「籮柚」同「八月十五」？,20220906,9,90.85,contemporary,,False,282,243,9,0.8617021276595744
5AOk21eO0qQ,【兔年祈福至堅我，祝願邊個夠我多】,20230120,10,89.02,contemporary,,False,200,176,10,0.88
5AZhNz5cx2U,【大澳邊陲奇石-人生有感】驟看似亂石一堆，細看似另有玄虛；命途遇上絆腳石，一齣現實考驗劇,20250527,4,44.5,contemporary,,False,103,89,4,0.8640776699029126
5LoulL1GewE,獅子山航拍：港人獅山情意結，不亢不卑不屈折,20240406,4,32.45,contemporary,,False,76,71,4,0.9342105263157895
5RR0aZa2rYA,YS2b1 《耐人寻味》 同场加映,20211231,16,303.04,contemporary,,False,861,638,15,0.7409988385598142
5T2Qgn2fXJQ,【生命不在乎得到什麼，只在乎做過什麼】黄家駒這金句怎樣生成(下),20220605,13,140.48,contemporary,,False,380,354,13,0.9315789473684211
5V8WhI7pCx8,陳百強1982年憑《今宵多珍重》踏上青雲路,20241109,19,174.34,contemporary,,False,334,202,13,0.6047904191616766
5X3tKt091aE,【聽林子祥、盧冠廷、劉德華、張國榮《最愛是誰》-人生有感】愛到分離沒有愛，男女要有這氣概；愛到分離仍有愛，自己對方同受害,20250627,11,133.44,contemporary,,False,244,182,9,0.7459016393442623
5_K4QNe6E6o,【《哀我悼我黃家駒》】紀念黃家駒60歲冥壽；蘇東坡【水調歌頭】版；【光輝歲月】鋼琴伴白；但願歌長留，曲續未了緣,20220602,14,73.89,contemporary,,False,154,144,14,0.935064935064935
5cfJTCXcEw0,【點撳住年青人把慾火】日本羽毛球女神「志田千陽」同「華仔」教路,20240830,4,96.15,contemporary,,False,242,220,4,0.9090909090909091
5hG8TnYMs60,【曾江教你點同老伴相處】我愛春花和秋月，也愛夏日和冬雪,20220511,24,194.9,contemporary,,False,491,434,24,0.8839103869653768
5ihVDACK8xo,【粤语朗读】《生查子•元夕》宋 欧阳修；附译文、评析；应景！,20220215,5,100.42,contemporary,,False,269,259,4,0.9628252788104089
5j651zUx6q4,【連曾志偉都未必想睇返嘅片】當年嘅曾志偉就係張柏芝口中嘅「死茄哩啡」,20240917,17,112.58,contemporary,,False,248,177,8,0.7137096774193549
5o1doRRWOUA,【口輕輕、下巴輕輕】點解咁講?,20220828,6,57.6,contemporary,,False,162,149,6,0.9197530864197531
5p4bNH4gnH0,「阿哥哥小姐」黎愛蓮 Irene Ryder 大騷 A Go Go 舞技；仲有好細路女嘅對白,20240913,5,119.74,contemporary,,False,447,361,5,0.8076062639821029
5wSWQYFvHwk,【《滕王閣序》王勃】落霞與孤鶩齊飛，秋水共長天一色,20250917,4,51.23,contemporary,,False,154,149,4,0.9675324675324676
5y6wjeJR5Cg,【GOD Translate 神翻譯(2)】「腸仔包」譯做「Intestinal Pouch」,20241203,3,47.2,contemporary,,False,97,74,3,0.7628865979381443
6-mh40eytMI,【李小龍至型仔Look】至鍾意呢副「黑超」！,20250715,4,47.19,film_clip,李小龍,True,157,143,4,0.910828025477707
67euLhPd3ro,【萬人迷林鳳《星馬風光1959》】17歲卜卜脆薛家燕同33歲英俊瀟灑曾江「站台」,20241016,3,34.62,film_clip,林鳳,True,116,102,3,0.8793103448275862
6DmMwkK_tSo,【千祈千祈千祈，洗手洗手洗手】好心董建華夫人，沙士落區教市民；千祈三次要洗手，淪為笑柄冇你修,20221015,5,85.2,contemporary,,False,302,202,5,0.6688741721854304
6E6uYzwHRcg,【曾江教你如何看待老】,20220510,28,196.63,contemporary,,False,567,523,27,0.9223985890652557
6IsyZ4tTrp8,《今時今日神州大地》同人唔同命；同遮唔同柄,20240419,4,29.79,contemporary,,False,64,53,4,0.828125
6SwkF4lY6gI,睇10歲嘅李小龍幾咁有「雷氣」！,20250221,14,183.1,film_clip,李小龍,True,708,384,14,0.5423728813559322
6b_trwoU-Bs,【李小龍的Be Water名言】盲人追兇(Longstreet) 中的版本[附中英字幕],20240822,5,70.05,film_clip,李小龍,True,136,119,3,0.875
6klshR-YtEw,【鍾玲玲《心有千千結》】蕭芳芳在電影《窗》中飾演的先天盲女最終得以重見光明,20241001,19,181.76,contemporary,,False,399,256,18,0.6416040100250626
6kxnMsvfArE,【Tai chi in Hong Kong】養生太極在沙田，常耍益壽又延年；楊氏85式太極拳,20230219,6,76.35,contemporary,,False,218,203,6,0.9311926605504587
6qI6TJvLEFI,【《偶爾憶起黃家駒》】徐志摩《偶然》版；【光輝歲月】結他伴白,20220620,9,59.84,contemporary,,False,137,119,9,0.8686131386861314
6qbasnLUeLs,"【李小龍逝世52周年(20-7-2025)】小龍，常時記著你(Bruce Lee, remember you always)",20250719,10,106.42,film_clip,李小龍,True,122,108,6,0.8852459016393442
6rmTqvCtEuM,【粵語朗讀】《再別康橋》佳句 徐志摩,20220207,3,28.96,recitation,朗讀,False,78,69,3,0.8846153846153846
6zVyUvw0JfU,【日本世杯外圍賽血洗中國7：0】要講做「從速收皮」先啱！,20240910,6,177.24,contemporary,,False,638,557,6,0.8730407523510971
7CGgQCUOJbw,【好懷念琴姐嗰句口頭禪「嫲嫲喺大廳」】嫲嫲仲有金句未出街,20240810,3,51.49,contemporary,,False,183,165,3,0.9016393442622951
7LuAjOjXab4,【大澳舊貌重現-人生有感】東方有個威尼斯，坐落大澳耐歷史；雨打風吹雷電降，捍衛家園不投降,20250829,5,79.74,contemporary,,False,188,162,5,0.8617021276595744
7MLzvAy3CuM,【十下十下(2)】10個「性行為」嘅香港人叫法(冇粗口字),20240602,11,25.57,contemporary,,False,75,55,11,0.7333333333333333
7N9pz7fZQ4E,【巴黎奧運何詩蓓未能如願可奪金】你的付出全港知，如何也鼎力支持,20240801,5,64.7,contemporary,,False,160,150,5,0.9375
7U3LKpXaBds,李小龍個乳名點解叫「細鳳」唔叫「細龍」,20240215,5,98.88,film_clip,李小龍,True,337,294,5,0.8724035608308606
7ZDZVThmWfA,【太極、四川變臉以及各家武術表演】陳勵雄師傅72壽誕、骨質研究太極班暨同學會26周年晚宴,20241126,8,72.42,contemporary,,False,243,216,8,0.8888888888888888
7kWXOgdcn4c,【宏福苑大火-收風立拆網，無私顯見私】世紀慘案待徹查，不分大細你我他；望冤魂早登天界，受災家人早釋懷,20251130,5,73.86,contemporary,,False,174,145,5,0.8333333333333334
7qisH4fL9qY,【《歲月神偷》歲月輕狂(鋼琴版)】《歲月神偷》編劇、導演 羅啟銳先生走了！一路好走！,20220705,2,8.96,contemporary,,False,20,20,2,1.0
7uMXWgvf_IU,【蔣志光、韋綺姍唱《相逢何必曾相識》】兼唱「羅樂林燒衣版」「 Big Mac 版」,20260330,10,216.38,contemporary,,False,471,397,7,0.8428874734607219
83ipAZp4hr8,【林鳳同舞王修胡楓、李小龍堂姐夫俞明大跳「扭腰舞」】扭身扭勢籮柚西，衛道之士冇眼睇；扭腰擺臀非失禮，跳出纖腰好美麗,20241028,3,28.7,film_clip,李小龍|林鳳,True,69,60,3,0.8695652173913043
88h7OzVLzeI,《再會康橋》—徐志摩《再別康橋》反向版,20260713,11,95.22,contemporary,,False,251,190,10,0.7569721115537849
8G6DH4n9U9Y,【「達哥」胡說八道「截拳道」】知的不是道，明的不是道；有的不是道，無的才是道,20250716,4,79.67,contemporary,,False,20,17,2,0.85
8fXeD7pKbWI,【人生有感】天上架起一堵牆，無阻有志天翱翔；雲牆雖厚總會散，又過山峯又過灘,20260128,3,28.61,contemporary,,False,66,58,3,0.8787878787878788
8jJY637fQik,李小龍當年受訪時「神回答」：你當自己係中國人定美國人？,20240823,6,132.7,film_clip,李小龍,True,485,448,6,0.9237113402061856
8sDvUH7x4iw,【廣東話講呢啲】 賣仔莫摸頭，摸親眼淚流 - 典故？,20220826,9,99.68,contemporary,,False,298,268,9,0.8993288590604027
8wflrDLxY84,【一個忘年冤孽愛情故事】何伯河馬式「天長地久、曾經擁有」,20240918,3,41.82,contemporary,,False,100,89,3,0.89
8x5JiKy8RFY,YS2b 《耐人寻味》,20211231,17,150.59,contemporary,,False,382,303,15,0.7931937172774869
8xIvuJoS5Pg,「好客之道」古天樂以過來人身分同你講「今時今日，做人之道」,20240812,5,67.29,contemporary,,False,246,167,5,0.6788617886178862
9GKnaIpqSRA,【石堅證實李小龍「冇時停」】係芳艷芬先治到佢企定定！,20250119,14,136.13,film_clip,李小龍|芳艷芬|石堅,True,467,288,14,0.6167023554603854
9T8KWGl2ZZQ,【有一種魅力叫「鍾玲玲」】點止「正」咁簡單！,20251202,2,4.83,contemporary,,False,15,15,2,1.0
9oz0BewUmo4,【詞窮】填來填去四個字，物轉星飛亂交替；沒有物轉星飛，只有物換星移...,20220810,25,374.37,contemporary,,False,1106,1005,25,0.9086799276672695
9saz0VPG-To,【諸事八卦】斷估；斷估冇痛苦,20220131,5,49.98,contemporary,,False,164,152,5,0.926829268292683
AOgZUuWbLoE,【黎愛蓮 Irene Ryder 盡顯唱功 -你不用說你愛我】《You don't have to say you love me》,20250614,6,102.06,contemporary,,False,367,329,5,0.896457765667575
AP22Vghq_58,【十下十下(7)】10個香港人「老母」嘅叫法(你識幾多個？你叫邊幾個？),20240613,7,29.73,contemporary,,False,84,80,7,0.9523809523809523
AYmhFCZIO0w,【東方差利卓別靈鄭君綿《賭仔自嘆》】由差利卓別靈唱呢支歌仔就最盞鬼嘞！,20240928,6,121.54,contemporary,,False,388,249,6,0.6417525773195877
A_iOhZBEuPQ,【詩經《國風．關雎》】窈窕淑女，君子好逑；求之不得，輾轉反側,20250916,5,37.7,contemporary,,False,107,93,4,0.8691588785046729
Ac1e1ibIHpk,【北國傳來飄雪情，心繫香港共溫馨】飄雪-花咲〈旅路,20221224,4,68.54,contemporary,,False,164,150,4,0.9146341463414634
AiKOYN8H1EU,【雞碎；雞忘記】雞碎咁多都要啄，許冠傑就係咁唱；雞碎咁多有幾多，雞忘記又搞邊科,20221019,14,201.34,contemporary,,False,682,631,14,0.9252199413489736
AmHA9dbYFy0,【芳芳修哥相約 Disco】修哥芳芳繼續跳，豐盛人生 keep 住潮,20260104,5,17.73,contemporary,,False,42,33,5,0.7857142857142857
BHn7eeA0BVo,【顧嘉「輝」定顧嘉「煇」？】講落有段古,20230108,6,102.4,contemporary,,False,264,236,6,0.8939393939393939
BKWMXVpYcP4,舞青龍賀青衣天后誕實況,20240510,4,57.94,contemporary,,False,182,174,4,0.9560439560439561
BQysXN0mc0g,【粵語朗讀】《生查子•元夕》宋 歐陽修；附譯文、評析；應景！,20220215,5,100.42,recitation,朗讀,False,269,258,4,0.9591078066914498
BUL3p_uvehs,【曾志偉捲入賣假香港月餅風波】不在乎你袋幾多，只在乎咪當我傻,20240917,2,37.22,contemporary,,False,9,9,1,1.0
BWbT_CqORko,【微笑劍后江旻憓宣布退役】告別體壇終有日，忘卻天地得與失,20240804,5,96.58,contemporary,,False,222,205,5,0.9234234234234234
BZ4zd3idtVY,【李小龍「型人型車」】連攞個車牌都有心思過人！,20251228,6,78.52,film_clip,李小龍,True,224,166,6,0.7410714285714286
BgtPMo7NmOs,北上尋歡：航拍盡現好風光，無怪香港變空港,20240403,4,32.96,contemporary,,False,74,66,4,0.8918918918918919
Bwm3SWdYJnQ,【國粵語片時代兩大尤物葛蘭、林鳳表演「Flamenco佛蘭明高舞」】林鳳嬌柔，葛蘭狂野；情緒帶動，舞式即興,20241028,4,43.74,film_clip,林鳳|粵語片,True,167,147,4,0.8802395209580839
CHlnwI3VY6E,【林鳳唱跳《狂歌熱舞1966》】人靚歌甜有氣質，唱得跳得仲打得；由頭靚到腳趾公，歌舞女王把佢封,20241013,10,122.82,film_clip,林鳳,True,391,260,10,0.6649616368286445
CMRF9UwRKpY,【李小龍同細佬李振輝-全港cha cha邀請賽冠軍(1958)】睇下呢對騎呢舞伴跳成點？,20250913,7,50.66,film_clip,李小龍,True,137,102,7,0.7445255474452555
CdhQt9XM4G0,Bruce Lee’s “Formless Way” is just like that!李小龍「無形之道」就係咁樣！,20251125,5,98.46,film_clip,李小龍,True,20,17,2,0.85
CfZWjk-lBJs,【鍾玲玲主唱麗的《電視人77》主題曲】在我你的人生史，曾遇甜蜜痛苦事；不知此刻在扮誰，是我你的醒與醉,20260301,13,197.9,song,主題曲|主唱,False,336,154,13,0.4583333333333333
ChuWKGky328,【人間有情，天地有義】疫情派飯老人家，無名善長真堪誇,20221008,12,85.98,contemporary,,False,233,221,12,0.9484978540772532
Clf5BfnM9Jw,【睇林鄭學廣東話】再唔打針去「飛髮」就係「非法」！有冇諗過點解「剪髮」叫「飛髮」？,20220222,9,117.12,contemporary,,False,371,362,9,0.9757412398921833
D4tcSVKiT5s,【智慧老人楚原同你「解愁」】我問秋風何時愁，秋風笑我何事憂；不過人生一過客，何苦傷春又悲秋,20251012,2,32.03,contemporary,,False,85,77,2,0.9058823529411765
DJBEpeA9Vrw,薰妮《每當變幻時》；懷緬過去常陶醉；沒有懷緬過去，只有緬懷過去,20220810,23,303.9,contemporary,,False,919,763,23,0.8302502720348205
DKWM_Jesc2E,【AI將童謠變成真】大笨象，揸支槍，去打仗；打唔贏，返嚟食碗辣椒醬,20250911,3,31.81,contemporary,,False,73,63,3,0.863013698630137
DS1XikAPAvI,【唔怕生壞命，最怕改壞名】老豆你叫「井淼」，我井莉個仔改「鑫淼」，係咪好得呢?,20220801,16,99.26,contemporary,,False,251,240,15,0.9561752988047809
DUsvDjI7DQY,【God save the Queen事頭婆傳頌版】《處處都望見花》英國駐香港總領事館弔唁英女皇 14-9-2022,20220914,4,11.81,contemporary,,False,29,22,3,0.7586206896551724
DXevfNOda1Y,【孤星血淚1955】8歲嘅蕭芳芳點解吸引到15歲嘅李小龍？,20250707,9,71.54,film_clip,李小龍,True,248,179,9,0.7217741935483871
DcQSQOjoUvs,【「三毫子小姐」森森軼事】李小龍想栽培森森做「打女」？,20251223,11,163.1,film_clip,李小龍,True,619,533,11,0.8610662358642972
DlTr0cIV3pI,【諸事八卦】Covid 點「收科」？將會成為風土病！英文會唔會係 Wind-Earth Disease?,20220220,11,79.65,contemporary,,False,203,195,9,0.9605911330049262
Dx2wTJvIagk,【振奮人心解防措，早就應該咁樣做】好了傷疤忘了痛！,20221229,7,71.52,contemporary,,False,179,168,7,0.9385474860335196
DxIZchf4AhY,【第 1 代天氣女郎】鍾玲玲家姐鍾曉薇、才女林燕妮、女強人周梁淑怡,20260112,12,153.47,contemporary,,False,344,301,9,0.875
E38mAVkj75o,仙杜拉響《啼笑因緣》首歌度教你矯正「懶音」,20240428,10,101.59,contemporary,,False,312,285,10,0.9134615384615384
E9t_dwH76xA,【廖孖記加工腐乳】違反《商品說明條例》？,20240722,6,82.65,contemporary,,False,205,192,6,0.9365853658536586
E_-8NpZvgX8,【修哥60大壽(1992)】胡楓六十歲大壽，芳芳助興冇得走；事隔多年再共舞，人生至此復何求,20250505,3,17.88,contemporary,,False,47,41,3,0.8723404255319149
EeylsOcnkV0,【劉德華式-天長地久，曾經擁有】天涯地角有窮時，只有相思無盡處；愛之深，分更痛！,20251008,2,28.22,contemporary,,False,72,67,2,0.9305555555555556
EjuEqBFmEec,李小龍同苗可秀1972年嘅《羅馬假期》,20251207,7,90.66,film_clip,李小龍,True,369,245,7,0.6639566395663956
EmrhZY6LBz8,【《個個揸住個兜》】賭仔自嘆版Vs周星馳賭仔自嘆,20220922,4,33.47,contemporary,,False,66,23,4,0.3484848484848485
EsZChyzmWBk,【日本首相左騰右騰/日本首相左揗右揗】邊個啱定兩個都錯?,20220709,11,103.33,contemporary,,False,256,200,11,0.78125
F38e7ixY4a4,林黛響《千嬌百媚1961》度大跳「肯肯舞 cancan」,20250516,7,114.87,film_clip,林黛,False,427,323,7,0.7564402810304449
F8HqdV6ZH6M,李小龍在「遺失的訪談1971」中首度公開評價「太極拳」,20230804,7,140.83,film_clip,李小龍,True,262,247,4,0.9427480916030534
FQbcVgnA-Iw,【張衞健齊天大聖vs張衞健孫悟空】香港史上最玩嘢《一日一蘋果》,20240818,4,45.54,contemporary,,False,137,116,4,0.8467153284671532
G1CmViCBoyE,YS8b 《朱门怨》,20220115,4,50.69,contemporary,,False,132,123,3,0.9318181818181818
G4HXoD0Za0U,【廣東話講呢啲】劏豬凳 - 伍姑娘係「劏豬凳」？一上就死/上嚫就死！,20220413,22,273.63,contemporary,,False,925,831,22,0.8983783783783784
GEIQJZJwm1k,【懷念周驄】九十二駕鶴西歸，光影藝悉數留低,20250705,11,193.38,contemporary,,False,600,327,11,0.545
GFVh0R4C_Bw,【永遠懷念鄭佩佩】鄭佩佩18-25歲的青蔥歲月,20240722,6,63.83,contemporary,,False,204,193,6,0.946078431372549
GMkEvBXdQvQ,YS1c2 《粉絲經》 誦讀版,20220112,7,92.16,recitation,誦讀,False,98,86,4,0.8775510204081632
GQvPGbh4Wcs,YS4a 《洪門宴》,20220112,6,66.98,contemporary,,False,118,114,4,0.9661016949152542
GVMVx2z4_2w,【林鳳自創呼拉圈舞】搖呼拉圈嚟健身，當年林鳳第一人；絕技被搬上銀幕，渾身解數添視覺,20260306,3,32.61,film_clip,林鳳|銀幕,True,76,69,3,0.9078947368421053
GjammNDiAvI,【聞一多《也許-葬歌》】也許你真是哭太累；也許，也許你要睡一睡,20250914,5,83.48,contemporary,,False,227,195,5,0.8590308370044053
Gv-5FWKl3Is,【AI時代畢業哀歌-懷疑人生】由楚原「穿越時空」演繹如來佛祖「指點迷津」,20250720,5,84.34,contemporary,,False,190,99,5,0.5210526315789473
GyF3MkvI5_Q,【悼念家駒詩文】《也許你裝著睡一睡》聞一多《也許》版；世上縱有千萬曲，少了家駒曲不足,20220630,18,92.06,contemporary,,False,257,237,18,0.9221789883268483
H76OGYLhQ3k,【李龍基王青霞鬧劇】佢去踎監你留低，繼續登台唱過世,20240310,6,71.74,film_clip,李龍基|王青霞,False,168,144,6,0.8571428571428571
H8P8xQmhwNc,【李小龍舊日的足跡】海運大廈天台停車場1972,20230726,3,45.14,film_clip,李小龍,True,161,149,3,0.9254658385093167
HWBsd3FAzc0,《莊子「魚之樂」番外篇》：你唔係我，點知我唔happy？,20240501,9,194.59,contemporary,,False,636,511,9,0.8034591194968553
HaFoIJ9r5BA,【祝賀江旻憓勇奪香港史上第3金】微笑劍后名永留，功在當代利千秋,20240728,7,93.5,contemporary,,False,258,222,7,0.8604651162790697
HudUFSsgtdY,由「阿倫狄龍」同「李小龍」兩位龍哥示範French Kiss「法式接吻」,20240822,6,73.41,film_clip,李小龍,True,234,144,6,0.6153846153846154
HvzKA_f6270,【緬懷一代賭王何鴻燊】心中賭王只一個，從此告別我燊哥,20220523,12,127.36,contemporary,,False,345,325,12,0.9420289855072463
I25mx9obTao,《美斯訪日：表現分明大細超，講落唔嬲就瓦燒》,20240207,5,50.58,contemporary,,False,132,116,5,0.8787878787878788
I4PruxwTvMI,【「陳」的正體字與異體字】究竟有鈎定冇鈎，歷代狐疑現解構,20221221,9,265.89,contemporary,,False,788,569,9,0.7220812182741116
IDxcTUrnsv4,【告別獨臂刀王王羽】唔怕話你知，獨臂刀抄人嘢！,20220518,21,302.94,contemporary,,False,926,842,20,0.9092872570194385
IKvAudm2wXs,Benz雄同大家最後道別！,20251028,3,31.16,contemporary,,False,73,64,3,0.8767123287671232
INvijfl8Wyk,【曾江教你如何面對老】,20220510,16,121.14,contemporary,,False,295,262,15,0.888135593220339
I_jBx-DrsvA,【《街頭霸王》春麗Look】香港首個進軍日本嘅「AV女優繪麗奈」最性感誘人,20251110,4,49.02,contemporary,,False,173,158,4,0.9132947976878613
IcBQQKO3XYs,【粤語朗讀】《再看楚原看人生》楚原,20220223,18,127.46,recitation,朗讀,False,230,217,10,0.9434782608695652
IhZRs2KfY38,【火炭實拍】野豬全體 野生捕獲 冚家富貴 考埋眼力，共有幾隻?,20230729,3,46.05,contemporary,,False,104,87,3,0.8365384615384616
IjWra_3iNgc,狂風吹到潘蔚林「七個一皮」，連講「紮馬」都講錯呀！,20240909,3,40.61,contemporary,,False,147,76,3,0.5170068027210885
IrQWplUZbAo,【北海道-羊蹄山道雪中情】雪中情,20221225,3,64.9,contemporary,,False,150,138,3,0.92
IzqSRRMta9w,【諸事八卦】殺我你哋就識，「倉鼠」個英文又識唔識？Warehouse Rat?,20220228,10,26.59,contemporary,,False,46,42,7,0.9130434782608695
JIGLmiix5EU,【《街頭霸王》春麗】成龍造型「最惡心」！,20251102,8,68.6,contemporary,,False,261,230,8,0.8812260536398467
JOwokgIDeyw,【聽鄭少秋《笑看風雲》有感而唱 -轉眼已經風雲變】心儀對象竟遇上，勇於表白非反常；有緣也得看環境，能否一起由天定,20250608,5,70.75,contemporary,,False,158,128,5,0.810126582278481
JV2q-Wiq6k4,【丁珮為李小龍題詩寄意-長髮為君剪，短髮為君留；髮型永不變，以示長相守】四句詩中愛意收，緋聞情人冇得走；髮型今日都咁樣，無所遁形愛情長,20250723,4,63.55,film_clip,李小龍,True,178,158,4,0.8876404494382022
JZUiihE418Q,【黎愛蓮唱 Where do I begin (Love Story)】Irene Ryder飾演《猛虎下山 1973》中的「花瓶」女主角,20240930,11,166.65,contemporary,,False,217,186,5,0.8571428571428571
J_wNNblannQ,【伍允龍由奀星變筍盤】自嘲奀星都是星；舊愛祝福話筍盤,20240609,4,62.02,contemporary,,False,165,140,4,0.8484848484848485
Jdz6NtNhg_s,廖孖記後人回應指控：腐乳係「香港生產」！,20240723,10,91.94,contemporary,,False,244,235,10,0.9631147540983607
Jr-hyQLu1_A,【我有一片熱情，你有一片熱情】芳芳修哥呢一對，輕歌曼舞人陶醉,20241105,4,73.59,contemporary,,False,260,234,4,0.9
K-X5GQcBnTw,YS8a 《朱門怨》,20220115,4,50.69,contemporary,,False,132,122,3,0.9242424242424242
KCYPmc59G24,美斯之亂：球王名譽掃地,20240208,3,56.6,contemporary,,False,132,109,3,0.8257575757575758
KENXYyppSeI,【不在乎天長地久，只在乎曾經擁有(1992】講呢啲？係講現代愛情！,20221101,6,59.97,contemporary,,False,143,130,6,0.9090909090909091
KYZMOHEXvdk,《何伯河馬孽緣的啟示》結合只在乎得到什麼，不在乎做過什麼,20240921,6,34.37,contemporary,,False,94,71,6,0.7553191489361702
KZMmfNaj9RY,【口花、口花花】點解咁講?,20220829,9,77.73,contemporary,,False,218,193,9,0.8853211009174312
KmXNJMVQ5Og,【自學阿GoGo嘅蕭芳芳同林鳳「罕有同場」較技】蕭芳芳跳得豪放出位，林鳳舞得含蓄優雅,20241027,3,42.3,film_clip,林鳳,True,156,139,3,0.8910256410256411
KwklVl7E6Ec,【蕭芳芳、胡楓舞技重溫】嫻熟舞步舞王修，芳芳絕配世難求,20241102,7,56.15,contemporary,,False,134,122,4,0.9104477611940298
Kx_gGVMiiKk,【兩情若是久長時，又豈在朝朝暮暮】星爺啲戲唔係淨得搞笑，仲有文采,20221023,7,105.66,contemporary,,False,314,239,7,0.7611464968152867
KxhJLL93qwM,武俠影后鄭佩佩、金像影后珍芳達跳Aerobic，點比呀？,20240725,14,136.51,contemporary,,False,324,249,6,0.7685185185185185
L0lBCEIo_mM,【祝賀張家朗勇奪香港史上第4金】張家朗花劍冧莊，巴奧登頂賞月光,20240730,4,55.83,contemporary,,False,132,123,4,0.9318181818181818
L5BsAkSMLkI,【一代大俠徐少強《踢館》】冇返咁上下點夠pop去學李小龍「踢館」呀！,20240916,5,56.45,film_clip,李小龍,True,204,182,5,0.8921568627450981
LDZOYnu-vyw,【經典金曲《順流逆流》】徐小鳳同黎愛蓮史無前例「對唱」,20250614,8,131.75,song,經典金曲,False,430,344,8,0.8
LFUl2V-6ZLA,【何伯事件】老嘢情懷總是色，做咗老襯都當益,20240512,5,70.72,contemporary,,False,164,102,5,0.6219512195121951
LSd2tyfd6KI,【牛勢騸牯熟成牛】識得晒點讀點解話你叻！,20240427,10,136.38,contemporary,,False,444,399,10,0.8986486486486487
LVOqQ1EJm5k,【元宵鹹濕對聯】洞中泉水流不盡，山間清風迎面來；抵死、過癮、啜核,20220214,13,235.78,contemporary,,False,615,584,12,0.9495934959349593
Lbms7nr19f0,"【龍婷再現-人生有感】有人公平啲，有人仲公平啲 (some are equal, some are more equal)",20251123,8,70.72,contemporary,,False,215,183,8,0.8511627906976744
LpzKTGMmCyA,【「顧嘉煇造就黃霑」定「黃霑造就顧嘉煇」？】,20230108,10,99.68,contemporary,,False,242,224,10,0.9256198347107438
Lv9TPbpnAYo,【港人之光】一詩頌讚李小龍,20230726,5,60.25,film_clip,李小龍,True,135,121,5,0.8962962962962963
MBHkFxvbVy0,【《憑著什麼喜歡你——家駒》】聞一多《憑藉》版；【喜歡你】鋼琴伴白,20220628,8,66.27,contemporary,,False,105,95,6,0.9047619047619048
MDNBEqwzQTA,【聽Gin Lee李幸倪、盧冠廷唱《陪著你走》-人生有感】誰說過陪著你走，說完轉頭就反口；若然共處酸溜溜，餘生不如自己走,20250629,15,126.08,contemporary,,False,242,152,12,0.628099173553719
MKF8KnsyaJs,李小龍唔止「武」得仲「舞」得,20230731,9,94.02,film_clip,李小龍,True,280,242,8,0.8642857142857143
MR_pKvMisRk,子華神繼「搵食啫，犯法呀？」又有新金句？,20240902,4,75.16,contemporary,,False,219,141,4,0.6438356164383562
MSV39CPq9kg,【周潤發式-天長地久，曾經擁有】曾經滄海難為水，除卻巫山不是雲；女去女還在，咁又何必呢？,20251005,5,40.74,contemporary,,False,103,88,5,0.8543689320388349
MT-FHleifxc,【向事頭婆作最後致敬】香港現場剪影(19-9-2022):昔日香港事頭婆，印象猶新人隨和；眼眶雖無淚滿盈，弔唁現場證真情,20220924,2,22.18,contemporary,,False,48,46,2,0.9583333333333334
MUch03ZpJQ4,【《林黛小傳》曠世「長恨歌」版】32段詩詞道盡林黛這位亞洲影壇傳奇人物的一生事跡與評價,20241230,71,401.34,film_clip,林黛,False,0,0,0,
MX0Rr0G3OGA,【十下十下(4)】10個香港人「仔女」嘅叫法(你識幾多個？你叫邊幾個？),20240612,13,49.31,contemporary,,False,144,134,13,0.9305555555555556
MYWedTctdeg,茅瑛點解最有資格叫「女版李小龍」？,20251101,5,58.71,film_clip,李小龍,True,215,166,5,0.772093023255814
N6RGCMRicA8,YS1a 《粉絲經》,20211221,47,478.88,contemporary,,False,968,865,34,0.893595041322314
N9MmykOnPAs,忘不了法國男神阿倫狄龍個型仔「煲煙look」,20240819,5,73.11,contemporary,,False,242,219,5,0.9049586776859504
NJjx5iKFXhI,【王晶評論周星馳同阿叻嘅演技同為人】尊重vs唔欣賞,20240910,3,58.14,contemporary,,False,201,159,3,0.7910447761194029
NQ3iktgJ-bM,【聽鄭少秋《狐蝠》有感而唱 -分離無愛也無憾】風箏揚起掀思緒，回想情愛惹人醉，可恨多時成負累,20250604,6,24.45,contemporary,,False,45,32,6,0.7111111111111111
NXhl-Lkoq6I,【林鳳魅力沒法擋】男見佢口水流埋，女見佢火都嚟埋；係男人意亂情迷，係女人自慚形穢,20241128,5,81.02,film_clip,林鳳,True,259,212,5,0.8185328185328186
NYcSRGEKqX4,【原來有段古】李小龍一輯「型到跌渣」、「型到噴汁」的古裝造型照,20230807,14,268.25,film_clip,李小龍,True,996,893,14,0.8965863453815262
N_1jL8HEydM,林作愛的宣言：性格使然唔敢包，望佢呢鋪冇賴貓,20240331,6,49.12,contemporary,,False,107,102,6,0.9532710280373832
NdYmoZh-0ek,【李小龍「情人知己」嬲嬲豬】「龍女郎」苗可秀點解冇份演出《龍爭虎鬥》？,20250728,6,118.2,film_clip,李小龍,True,455,400,6,0.8791208791208791
Ne7y4GDJl9Q,「李我」點解改老婆藝名做「蕭湘」，「瀟湘」=「纖瘦」？,20250107,9,226.5,contemporary,,False,799,491,9,0.6145181476846058
NgsJc52HpwM,【諸事八卦】Casper，冇得同你「開年」！「典解」嘅？,20220202,9,117.86,contemporary,,False,405,375,9,0.9259259259259259
NlYiS7zp5Wc,【港人之光】一詩慨嘆李小龍,20230726,4,65.34,film_clip,李小龍,True,132,107,4,0.8106060606060606
Ns8OcnMPugY,【同一天空下左右兩景象-人生有感】各有前因莫羨人，如生妒忌盞頭痕,20251122,5,32.45,contemporary,,False,79,66,5,0.8354430379746836
O4NqkSzNSjE,【跳扭腰舞-女有林鳳，男有李小龍】「鳳臀」搖曳奪魄魂，「龍躉」擺動勢嚇人,20241031,4,68.42,film_clip,李小龍|林鳳,True,236,216,4,0.9152542372881356
OBARtsU9QnA,【大埔宏福苑世紀大火災】烈焰滔天人心碎，晴天霹靂愁怎退；事後先來究錯對，唯望未來引為據,20251128,6,81.66,contemporary,,False,188,169,6,0.898936170212766
OCWhWWZ0AwY,【聽夏韶聲《交叉點》-人生有感】踏進人生交叉點，無疑須顧後前瞻；確定選擇無悔怨，昂首闊步走每段,20250602,7,65.02,contemporary,,False,154,126,7,0.8181818181818182
OFPi0ecSoI8,【世上只有媽媽好-蕭芳芳、李小龍主唱】咁要珍惜你老母，唔好走咗先悔懊,20260502,4,27.97,song,主唱,True,62,56,4,0.9032258064516129
OfDo1fLztjs,【生命不在乎得到什麼，只在乎做過什麼】黄家駒這金句的宏觀意義,20220606,12,188.67,contemporary,,False,563,498,12,0.8845470692717584
OlQ0UvbZqxs,【現場直擊報道】阿爺突然話開關，心情激蕩似放監,20230117,6,77.18,contemporary,,False,191,176,6,0.9214659685863874
OnK2taEbraM,【牛歡喜/牛開心】暴龍哥，你咪食咗牛歡喜，點解仲要發脾四？,20221020,12,166.27,contemporary,,False,540,386,12,0.7148148148148148
OqABmo1wQaE,【諸事八卦】你大鑊！You Big Wok！此「鑊」不同彼「鑊」！「大鑊」抵死啲嘅英文講法係...,20220130,15,117.18,contemporary,,False,364,292,14,0.8021978021978022
OqFfzz8sww4,【諸事八卦】除咗叫我哋「野豬」做Wild Pig，仲有好幾個叫法，入嚟學下嘢喇！,20220301,12,81.73,contemporary,,False,164,121,12,0.7378048780487805
OzrNqubstag,YS2b2 《耐人寻味》 诵读版,20220112,3,37.38,contemporary,,False,108,49,3,0.4537037037037037
P-jbyxAzsW8,YS1b2 《粉丝经》 诵读版,20220112,7,92.16,contemporary,,False,87,75,3,0.8620689655172413
PBuicCInFfk,【林鳳、麥基主唱《青春樂 1959》】青年最愛青春樂，青春之樂味如糖；青春一去留不住，青年莫負好春光,20260305,2,13.46,song,主唱,True,31,26,2,0.8387096774193549
PEFDCay69M8,【Dance with Omicron / 與 cron 共舞 (與 Omicron 共存)】人窮去算命；該死唔使病；避得初一，唔避得十五,20220203,7,171.71,contemporary,,False,515,479,7,0.9300970873786408
PSz4Xf47C98,【天國一方II】死後我往那裡去？死後往我這裡來？重編《天各一方》；感悟生死讀白、洗滌心靈歌詞,20220424,15,179.74,contemporary,,False,481,378,15,0.7858627858627859
PlLXRExhFhk,【元宵佳節至佳句】月上柳梢頭，人約黃昏後,20260303,3,30.04,contemporary,,False,60,55,3,0.9166666666666666
Prlv_TA2KSM,【繼《個個揸住個兜》】再推出《個個揦住個咪》；《個個都話你威》《個個等入去踎》…搞到「事頭婆」都話要立《國歌法》！,20220911,9,42.88,contemporary,,False,77,54,9,0.7012987012987013
Q1DIEG8m_os,【睇片學廣東話】點至係「縮沙」？,20250712,6,37.38,contemporary,,False,98,80,6,0.8163265306122449
QE6ZYem6rZc,睇李小龍點「龍飛」同「龍舞」,20240209,4,13.73,film_clip,李小龍,True,34,26,4,0.7647058823529411
QFh7ktSHtsU,【李小龍死亡當天】丁珮首度述說他在其家出事的經過,20230809,8,183.42,film_clip,李小龍,True,826,522,8,0.6319612590799032
QMcQX7Yz53w,【李龍基王青霞鬧劇】你乜X都冇做過，我乜X都做到盡,20240309,5,64.0,film_clip,李龍基|王青霞,False,154,142,5,0.922077922077922
QgXuMcp2qJs,【林鳳《榴槤飄香 - 椰林戀歌》】多舞蹈，生熱情；好舞伴，天造成；一晩樂，千夜情,20241022,5,88.18,film_clip,林鳳,True,302,253,5,0.8377483443708609
QjWjr1eyqDA,【鍾玲玲主唱《假惺惺》(Let’s Pretend)】我明知你會變心，呃我氹我都相信,20260228,17,75.01,song,主唱,False,35,32,3,0.9142857142857143
QjmVsoAbkB4,【林鳳《情人的笑面》】情義比金堅，熱愛心不變；休管那光陰似箭，不知道何日何年,20241020,5,59.1,film_clip,林鳳,True,166,153,5,0.9216867469879518
QqZnVpKZlaM,【粵語片時代兩大女神林鳳同嘉玲阿GoGo對對碰】林鳳體態撩人人難拒，嘉玲豐姿旖旎世難求,20241023,5,69.5,film_clip,林鳳|粵語片|嘉玲,True,225,202,5,0.8977777777777778
R1-E5NeMTq0,【人過50唔到你唔諗】從瓊瑤的輕生看生死 [背景音樂：歲月神偷；秋天的童話],20241209,21,542.34,contemporary,,False,1719,1585,19,0.9220477021524142
R43WTWwgYGY,【吳楚帆金句-人人為我，我為人人】「獅子山精神」嘅依據,20250204,13,285.43,film_clip,吳楚帆,True,1078,795,11,0.7374768089053804
RMOyCOQSNIQ,YS2a 《耐人尋味》,20211231,17,150.59,contemporary,,False,385,304,16,0.7896103896103897
RTYjh4qhcEk,【傳聞兩母女】韓國「女神」潤娥vs香港「年青」苗可秀,20240730,6,101.79,contemporary,,False,370,342,6,0.9243243243243243
RYFm405HgV4,【惡搞Mark哥《英雄本色》經典場面】大小姐龍力蓮夠膽死篤發哥個魂精,20240810,2,20.61,parody,惡搞,False,68,56,2,0.8235294117647058
RZSN8vn4_1o,【懷念李我】《回顧李我的一生》李我逝世1周年；李我講古，同你講李我古,20220505,16,313.95,contemporary,,False,852,771,16,0.9049295774647887
Rke75Kw5GU8,"【曾江金句的大智慧】While there is life, there is hope；只要活著，就有希望；堅叔話永不言棄，留返條命就有機",20220515,25,340.41,contemporary,,False,1161,1042,25,0.8975021533161068
RnH3K-ddpjs,【黎愛蓮、蕭芳芳聯唱 Kiss Me Goodbye 吻我道別】熱戀中嘅謝賢芳芳帶你重遊 1968 年嘅山頂,20240926,12,121.05,film_clip,謝賢,True,260,208,5,0.8
Rwq2tZR69No,【十下十下(9)】10個香港人「妹妹」嘅叫法(你識幾多個？你叫邊幾個？),20240615,14,49.31,contemporary,,False,99,90,14,0.9090909090909091
Rx2pH_xbJwE,【All the way with Ray】樂壇教父Uncle Ray，永遠記得你,20230115,11,145.73,contemporary,,False,266,253,10,0.9511278195488722
S41cxlpNcAc,【唐伯虎點秋香(鄭佩佩、周星馳)】「一日冚包散」之惡搞版,20240726,4,52.54,parody,惡搞,False,143,60,4,0.4195804195804196
S7tdhuGEHLk,巴黎奧運「土耳其射擊大叔」仲型過「陳展鵬」同「劉德華」?,20240812,5,131.29,contemporary,,False,398,323,5,0.8115577889447236
SFBrInCe1SM,【《個個揸住個兜》】監獄風雲版Vs友誼之光,20220922,2,7.33,contemporary,,False,20,20,2,1.0
SO3bKXmHRRY,【睇片學廣東話】點至係「洗錢」？,20250712,3,22.98,contemporary,,False,56,48,3,0.8571428571428571
SOtBjHRIAMU,【李清照《一剪梅》】一種相思，兩處閑愁；才下眉頭，卻上心頭,20251002,5,71.36,contemporary,,False,152,125,5,0.8223684210526315
SRpa-WO48cQ,【羅禮士同李小龍嘅「師徒關係」】有今生冇來世！,20260407,28,508.35,film_clip,李小龍,True,1775,1540,25,0.8676056338028169
Sb_8xsOD9ps,【救救國足大行動】由阿叻嚟教波你點睇？,20240910,2,39.32,contemporary,,False,108,33,2,0.3055555555555556
SheQHIKfZrA,【粵語朗讀】《新虞美人》—— 變種肺炎版,20220205,3,40.74,recitation,朗讀,False,75,72,2,0.96
SkOPCvsnxsg,【香港話當年】打卡聖地美都餐室結業了！《72載美都情不再》,20220730,39,336.42,contemporary,,False,1007,946,37,0.9394240317775571
T0Cup5Bdkf4,【前日本首相安倍晉三遇刺身亡】行刺、遇刺、刺客，你可能一直都讀錯！,20220711,12,139.26,contemporary,,False,453,357,12,0.7880794701986755
T9Yi2rohQUQ,【諸事八卦】呢鑊傑；鑊過鑊仔牛柳；傑撻撻；傑過芝麻糊，點解咁講？,20220131,12,158.74,contemporary,,False,501,454,12,0.906187624750499
TA0W22-E_0M,【胡楓藝壇奇葩】縱橫舞林數十載，舞王修哥譽滿載,20241105,10,48.54,contemporary,,False,126,93,8,0.7380952380952381
TGfr8DXepFM,【「重現」《人海孤鴻》幕後片段】李小龍同白燕跳返兩part舞,20251011,4,20.86,film_clip,李小龍|白燕,True,50,33,4,0.66
TRnR3FYiJps,【白鷺飛翔城門河-人生有感】凡塵俗世暫擱起，做到忘我也忘你,20251120,6,30.18,contemporary,,False,76,68,6,0.8947368421052632
TWoH_ijjAUk,【解讀楚原麻雀喻人生】人生原來同打麻雀一樣，有東南西北風，打到北風嘅時候，又係另外一個人生！,20220410,44,255.86,contemporary,,False,747,683,44,0.9143239625167336
TpKyBapvTbE,【有種情懷叫富東閣】蜂擁而至嚟送別，心中情懷已宣洩；人去樓空散西東，千言萬語說無從,20250630,7,65.92,contemporary,,False,160,146,7,0.9125
TrLtHAYYW2c,【Beyond海闊天空(昇華版)】真正的海闊天空精神,20220611,5,30.1,contemporary,,False,61,57,5,0.9344262295081968
U36zHkmhn-c,【《孤星血淚1955》中吳楚帆、李小龍之「父子情」】小龍斬柴遇逃犯，身世原來好淒慘；相見愛兒不敢認，賺人熱淚父子情,20250511,28,134.71,film_clip,李小龍|吳楚帆,True,501,303,26,0.6047904191616766
U6kEU5fVy8M,【粗口文化】「四個大字」係「粗口」隱語，你又知唔知?,20220226,14,119.17,contemporary,,False,401,380,14,0.9476309226932669
UAsnU0Vn_go,【悼念楚原】係佢帶返粵語片上大銀幕；《七十二家房客》金句：有水有水，冇水冇水；要水過水，冇水散水；粵語保育記你一功！,20220224,16,237.95,film_clip,粵語片|銀幕,False,801,766,16,0.9563046192259675
UE2Yh076-V0,【倚天屠龍記1978】石堅係無可取代嘅「金毛獅王」,20241105,3,34.69,film_clip,石堅,True,71,53,3,0.7464788732394366
ULm0hQPi1FA,【諸事八卦】一鳥二石；Killing two stones with one bird；齊來跟林鄭學成語,20220211,7,83.78,contemporary,,False,135,104,6,0.7703703703703704
UYQD1u6EOj4,【生命不在乎得到什麼，只在乎做過什麼】黄家駒這金句的微觀意義,20220606,14,193.41,contemporary,,False,583,550,14,0.9433962264150944
Ue3PasbN4c4,YS1c1 《粉絲經》 同場加映,20211231,9,95.26,contemporary,,False,248,199,7,0.8024193548387096
Uw_m6F9DL8Q,【沙田瀝源富東閣結業-人生有感】山高水長，人生無常；可見則見，不待明天,20250617,9,61.92,contemporary,,False,162,145,9,0.8950617283950617
V5rV2K_PbJI,【從曾江的演藝語錄悟哲理】,20220428,17,216.93,contemporary,,False,701,662,17,0.9443651925820257
V65IV4tY3S0,【诸事八卦】一鸟二石；Killing two stones with one bird；齐来跟林郑学成语,20220216,7,83.78,contemporary,,False,135,104,6,0.7703703703703704
VIXesMqwTbk,《唐山大兄》由李小龍自己唱返先至啱數！,20260315,9,87.39,film_clip,李小龍,True,219,103,9,0.4703196347031963
VOlUzFvL6OY,【蓮香樓、蓮香棧結業】蓮香居可取代嗎 ?,20220822,7,65.63,contemporary,,False,231,214,7,0.9264069264069265
VSRNkjL-Rs8,【《喜歡你》——甜蜜版】G.E.M.鄧紫棋向黃家駒致敬,20220630,8,25.7,contemporary,,False,37,36,4,0.972972972972973
VV08vrYsfEc,【西沙Go Park 直擊野豬仔出沒】過得初一，唔過得十五！,20241223,5,25.54,contemporary,,False,66,57,5,0.8636363636363636
V_HbhFRv6l4,【曾江領悟的大智慧(上)】人之患，在好為人師；妄下批評冇意義，乞人憎自己唔知,20220521,14,235.07,contemporary,,False,702,644,14,0.9173789173789174
Vw6jr6ClWSo,【舞后蕭芳芳「撞」舞王修】芳芳修哥一埋位，大人細路擔凳仔；睇來睇去乜好睇；你話唔睇你蝕底,20251229,4,22.3,contemporary,,False,56,48,4,0.8571428571428571
W3L1YQiN-vs,【粤语朗读】《新虞美人》市民可知我多愁？,20220207,3,37.15,contemporary,,False,17,16,2,0.9411764705882353
W3t3MS0YG8Q,【露宿者心聲】做慣乞兒懶做官；有頭髮邊個想做癩痢,20240430,9,123.87,contemporary,,False,436,312,9,0.7155963302752294
W6q_eMvdJ1Y,【曾江同你談生共死】最緊要好死…,20220502,10,143.26,contemporary,,False,301,234,9,0.7774086378737541
WCpDbhSyK7k,【林鳳《榴槤飄香 - 星馬風光》】《春風吻上我的臉》，疑似抄佢咁丟面；一句半句或相似，《白衫白褲》冇懷疑,20241016,16,162.26,film_clip,林鳳,True,380,268,15,0.7052631578947368
WFtzJD_UhfU,【Animal Talk - 鳥兔物語】鳥獸殊途，回頭是岸呀！,20260211,5,23.14,contemporary,,False,55,46,5,0.8363636363636363
WceS1ddqRLI,【聽梅艷芳、張國榮唱《似水流年》-人生有感】生命友情寶貴極，無價之寶世難覓；喜怒哀樂毋回望，似水流年可盡忘,20250613,8,49.12,contemporary,,False,110,77,7,0.7
Whvy26QDqpk,【大美人林鳳跳〈霓裳羽扇舞〉】做手步法揮自如，堪比霓裳羽衣舞,20241215,4,80.15,film_clip,林鳳,True,243,138,4,0.5679012345679012
Ws-kE2loi9E,保錡梓喬吳卓羲，卓羲梓喬吳保錡，梓喬保錡炎明熹,20240824,4,66.74,contemporary,,False,160,140,4,0.875
WzFTOmosXpg,【林鳳《榴槤飄香1959》】陳寶珠、李司棋、黃韻詩「助陣」；李香琴、森森斑斑、張偉文、柳影虹「贈慶」,20241010,5,116.57,film_clip,林鳳,True,414,342,5,0.8260869565217391
X0KbsvCMKPY,【大澳觀海聽濤-人生有感】穿橋沿岸踏鄉間，觀海聽濤不欲返；天大地大任我行，多采多姿度此生,20250525,5,43.46,contemporary,,False,104,94,5,0.9038461538461539
X0OHN5iUdWk,今時今日劉德華係咪要拍返條「杏加橙」短片交代下咁呢？,20240825,6,125.18,contemporary,,False,448,402,6,0.8973214285714286
X0gS6HRSeVw,【天給你命時你沒有機會，天給你機會時你沒有命】睇完林燕妮寫畀李小龍呢句，就知點解叫佢「才女」,20250712,5,113.24,film_clip,李小龍,True,322,235,5,0.7298136645962733
X1jILspAmNs,【李琳琳唔止「索」仲好「跳」得】John哥老婆李琳琳，相夫教子好人品；後生索爆又跳得，狂風浪蝶常在側,20250109,11,112.63,contemporary,,False,380,212,11,0.5578947368421052
X7Q_g9P-Pa4,【今日講香港「舊屎」-孭仔】你呢世人孭過仔未？,20251223,13,110.18,contemporary,,False,388,352,13,0.9072164948453608
XBgO4iQ6JwY,【大埔林村許願樹】前世今生,20230121,10,108.74,contemporary,,False,257,238,10,0.9260700389105059
XHHm38uL7Rs,【林鳳《獨立橋之戀1959》】獨立橋上初邂逅，從此結下不解緣；情深款款傳愛意，蕩氣迴腸見淒愴,20241019,4,96.79,film_clip,林鳳,True,374,232,4,0.6203208556149733
XNW1Cjr6bLg,【美艷親王芳艷芬《檳城艷1954》】鄧麗君、陳任、歐陽佩珊翻唱,20241007,11,139.14,song,翻唱,True,371,250,9,0.6738544474393531
XQx_179B1l8,【《唐山大兄》李小龍第1個「螢幕情侶」】楚楚可人嘅「衣依」點解冇同小龍傳過緋聞？,20250729,9,166.36,film_clip,李小龍,True,600,493,9,0.8216666666666667
XfuquiAUeSY,【懷念嘉玲】《嘉玲謝賢往日情》,20221124,5,64.38,film_clip,謝賢|嘉玲,True,143,128,5,0.8951048951048951
XhjXPvA0FhU,【God save the Queen弔唁事頭婆；香港現場剪影 14-9-2022】留言留圖又留花，表心表意又表她；來人細語話當年，時移世易境變遷,20220924,3,21.73,contemporary,,False,48,45,3,0.9375
XhtThcouRjo,【香港人「返鄉下」-本州「青森縣」】青森值雪，包場睇雪；此情此境，無話可說,20251125,5,44.6,contemporary,,False,127,96,5,0.7559055118110236
XoSr_UFugbc,【我老爺倪匡蒙C寵召】倪匡今化作煙雲，衛斯理從此封神；八十七載人生自得其樂遊戲人間無半點虛度，數千萬言作品無窮想像滿載智慧文壇繼無人,20220710,24,222.23,contemporary,,False,680,566,24,0.8323529411764706
XrKoDnOcgmk,【《陋室銘》昇華版】錢唔在多，夠使就成；咩叫滿足，係睇心境,20240616,5,88.03,contemporary,,False,131,117,4,0.8931297709923665
Y0Ldjrv-EK0,【粵語朗讀】《七步詩》曹植,20220205,3,23.97,recitation,朗讀,False,44,43,3,0.9772727272727273
YBk5juEYqLk,【甄子丹 vs 李小龍】夢幻對決？同小龍打，佢挽鞋都未夠班！,20251231,5,16.16,film_clip,李小龍,True,49,42,5,0.8571428571428571
YE84Iy5vwHc,【Animal Talk - 小袋鼠物語】馬年創意新年祝福語,20260216,4,42.78,contemporary,,False,116,83,4,0.7155172413793104
YNw8-7yDYqQ,【就算係你嘅「第 1 次」】都會鍾意鍾玲玲唱「英文歌」「國語歌」「廣東歌」「講嘢」同埋「佢」！,20260106,26,317.31,contemporary,,False,258,206,12,0.7984496124031008
YV9XuD-BsfY,【曾江金句I】我愛春風和烈酒，也愛孤獨和自由,20220502,13,170.14,contemporary,,False,483,462,12,0.9565217391304348
YZwJFoSGjX8,【大澳漁村風光-人生有感】風風雨雨幾個秋，大澳舊貌尚保留；漁村風光景怡神，頓悟因緣有前因,20250525,5,42.62,contemporary,,False,104,94,5,0.9038461538461539
YcdvhG8bY2M,【何伯事件持續發酵】風雨同路見真心；眾人皆醉我獨醒,20240514,4,89.15,contemporary,,False,206,179,4,0.8689320388349514
YjCvF8VfjV4,【為衛斯理辦一個科幻喪禮】八十七載人生自得其樂遊戲人間無半點虛度，數千萬言作品無窮想像滿載智慧文壇繼無人；用倪匡的為倪匡寫訃告,20220704,17,295.36,contemporary,,False,787,725,17,0.9212198221092758
ZLG2nJtty3c,【黃霑「證實」李小龍係「李一春」】「一春」即係得「一粒蛋蛋」，要同大家Fact Check一下！,20250924,9,186.49,film_clip,李小龍,True,645,548,9,0.8496124031007752
ZMunEzpO-TY,【聽鄭少秋《輪流轉》-人生有感】輪流轉天天在轉，循環中與你投緣；交往中種種事端，命運中好夢難圓,20250601,10,54.14,contemporary,,False,121,92,9,0.7603305785123967
ZXl6sv6TAU4,【天國一方】懷念數以千計因新冠疫情離世到天國的香港人；重編《天各一方》；感悟生死人生讀白、洗滌心靈深處歌詞,20220520,14,204.54,contemporary,,False,522,448,14,0.8582375478927203
Zcd4ihNEu0U,【粵語朗讀】《新虞美人》市民可知我多愁？,20220206,3,37.15,recitation,朗讀,False,84,76,3,0.9047619047619048
ZmSQd7naNi0,【八段錦口訣與示範】肢體全方位拉伸，延年益壽八段錦；調理脾胃經絡通，八段錦行之有功,20241127,3,48.9,contemporary,,False,104,93,3,0.8942307692307693
Zv4HCXYAayY,2025 飄雪風情,20250227,3,31.42,contemporary,,False,76,69,3,0.9078947368421053
ZxkifjASQvo,新詩一首《小龍小龍永不死》以慰藉「龍粉」失落的心靈,20230726,4,50.84,contemporary,,False,96,94,3,0.9791666666666666
ZyoJBRKfpT4,《迎風踏浪篇》少年不識愁滋味；少女情懷總是詩,20240413,6,26.82,contemporary,,False,76,60,6,0.7894736842105263
_1tbZHzRh6w,【李小龍《死亡遊戲》】揀對「黃色Tiger運動鞋」係有段古嘅！,20250726,6,67.36,film_clip,李小龍,True,240,213,6,0.8875
_CW_GxIMvZ8,【向事頭婆作最後致敬】香港現場剪影(19-9-2022): 世上已無英女皇，畢生奉獻心內藏；今生再無英女皇，銘記她來這一趟,20220924,3,20.06,contemporary,,False,48,48,3,1.0
_MKywUp3-0E,【Animal Talk - 獅子物語】拍得唔靚，噬你㗎！,20260209,4,15.81,contemporary,,False,41,35,4,0.8536585365853658
_ZKOMeSl9F0,【惡搞Mark哥《英雄本色》經典場面】發哥唔同華仔爭蓮妹,20240808,4,105.85,parody,惡搞,False,428,279,4,0.6518691588785047
_dwdlOSiQKY,《加國偶拾》一家大細十一口，出嚟散步唞一唞；有草順便咬幾口，這樣人生可會愁,20250524,3,22.71,contemporary,,False,62,57,3,0.9193548387096774
_eL6hS9KBGs,【未捉你唔代表你清白-從不孤單一個】「蘇永康失德藝人？」vs「成龍劣跡藝人？」,20251001,9,186.82,contemporary,,False,623,542,9,0.869983948635634
_nXeSpzB4BE,【宏福苑大火-竹棚安全問題】竹棚背後，暗藏殺機 ；有關當局係咪冇有識死？,20251202,4,61.89,contemporary,,False,215,186,4,0.8651162790697674
a5L4ABWx3cA,【懷念ONJ歌曲片段】You’re the one that I want！你就是我想要的那人！,20220811,4,40.29,contemporary,,False,111,106,2,0.954954954954955
a9BeX-xILGo,【不捨富東閣結業】爭取一聚有意思，老板員工知心意；有冇機回心轉意，咁環境唔好意思,20250622,3,40.93,contemporary,,False,101,88,3,0.8712871287128713
aKAdn_mUAKA,YS1c 《粉絲經》  濃縮版,20211231,34,281.09,contemporary,,False,558,496,23,0.8888888888888888
aMDLcjgAuOs,【十下十下(3)】10個古人暗示「扑嘢」嘅講法同出處(有請豹哥西門慶！),20240605,14,175.62,contemporary,,False,530,481,14,0.9075471698113208
aTEVklcre_U,獨家《龍爭虎鬥》李小龍、石堅絕密對話曝光,20240731,3,22.05,film_clip,李小龍|石堅,True,53,48,3,0.9056603773584906
aVO__VrMWVE,【廣東話講呢啲】約炮、約老炮、約老炮兒出處 - 有錢銀交易算唔算「約炮」？,20220919,7,86.53,contemporary,,False,258,233,7,0.9031007751937985
abLpB3cQe0c,【告別曾江】徐志摩《再別康橋》版；我抹一抹眼淚，銘記你一生的風采,20220526,16,92.86,contemporary,,False,262,229,16,0.8740458015267175
adnjR-MPkAI,【十下十下(6)】10個香港人「老婆」嘅叫法(你識幾多個？你叫邊幾個？),20240612,11,50.98,contemporary,,False,142,136,10,0.9577464788732394
ahl9j91UU30,【粵語疊詞青BB正字】青鴉鴉、青必必、青咇咇、青啤啤、青嗶嗶?,20220828,11,125.6,contemporary,,False,369,265,11,0.7181571815718157
am5t5f9S3Z8,由黎愛蓮清唱《Melody 兩小無猜》插曲 First of May：少男少女情懷返晒嚟！,20240923,9,192.92,song,插曲|清唱,False,244,224,4,0.9180327868852459
apbsLp3NA1M,【香港人創作的歇後語】日本郵船~遲早完；仲講埋大丸有落...,20220713,12,152.32,contemporary,,False,483,420,12,0.8695652173913043
aucZvpth7pA,【星爺踎響床下底同你破解】「床下底破柴」下一句,20221023,8,81.66,contemporary,,False,241,226,8,0.9377593360995851
b1u2bztBNdw,【梅開五度、五當老襯】西有梅鐸，中有汪峰；魚水之樂，凡人不懂,20240609,6,68.19,contemporary,,False,172,155,6,0.9011627906976745
b7my089a90U,【樂壇煇黃盛世】凡間已無黃老霑，世上再無顧嘉煇,20230105,8,95.16,contemporary,,False,222,199,8,0.8963963963963963
b9A0OA0DWNY,【不在乎天長地久，只在乎曾經擁有】搞笑篇(2),20221102,15,64.61,contemporary,,False,197,157,15,0.7969543147208121
bLPcb0JEuQU,【曾江教你點對仔女】別過黃老邪，懷念曾爺爺,20220511,21,209.66,contemporary,,False,553,523,21,0.945750452079566
bOPZAme1kGA,【西有夢露，東有林鳳】生命軌跡何其似，紅顏薄命天無意；早逝惹人多哀嘆，猶幸倩影留人間,20241113,6,142.08,film_clip,林鳳,True,467,412,6,0.8822269807280514
bV9ttkn0vCo,【蕭芳芳同郭富城嘅第1次】芳芳城城兩代人，兩位同為跳舞神；攬身貼面跳探戈，一出場就撻著火,20250430,3,19.35,contemporary,,False,48,44,3,0.9166666666666666
bWLJ15GJdxs,【風華絕代于素秋】「打得」唔使講，原來仲「唱得」！,20260628,18,144.28,film_clip,于素秋,False,239,195,6,0.8158995815899581
bWOtkWFeuxA,【新城市廣場「萌犬迎聖誕」】萌犬可遇不可求，遇上微笑上心頭；人生充斥不快事，學懂偶爾不在意,20251203,4,16.96,contemporary,,False,35,31,3,0.8857142857142857
bcl_x1qdZv0,【林鳳唔惡得咩出樣】林鳳話要打散你；大把男人定定企；嬌聲嗲氣嚟凶你，係麻甩都躝過嚟,20241130,3,55.49,film_clip,林鳳,True,169,77,3,0.4556213017751479
bf4_37oPUw0,【李小龍死亡當天】丁珮首度回應有否與他有過激烈性行為,20230812,12,258.6,film_clip,李小龍,True,1140,678,12,0.5947368421052631
bjqcBrcSL9Q,【永遠懷念華夫人】唔做得講「冚家剷」，世上已無「冚包散」,20240805,5,74.72,contemporary,,False,165,140,5,0.8484848484848485
buwWhzfDTb4,【源記甜品隨想】此情可待成追憶！,20221008,8,63.9,contemporary,,False,151,141,8,0.9337748344370861
bx9LH22ymwg,【賀太極師傅陳勵雄72壽誕】人生七十古來稀，日耍太極不稀奇；推廣太極不遺力，國粹傳承生不息,20241125,3,58.66,contemporary,,False,132,119,3,0.9015151515151515
bxZQeJ-hKE8,【林鳳《青春樂 1959》插曲「誰不愛春天」】青春難得永遠在，快樂過日、美夢在前；有情就要常伴我，似鳳與鸞、莫負少年,20260114,4,19.55,song,插曲,True,50,43,4,0.86
bxc4FmaqjRI,【洗米華判十八碌】起家史、情史、墮落史,20230119,11,112.54,contemporary,,False,254,241,11,0.9488188976377953
c0DEMuw4n1A,【吳楚帆最強金句】「食碗面，反碗底」vs「食碗底，反碗面」,20250209,8,181.66,film_clip,吳楚帆,True,600,450,8,0.75
c8dFl2bw9JM,【千古愛情真諦觀】金風玉露一相逢，便勝卻人間無數；兩情若是久長時，又豈在朝朝暮暮,20250911,10,94.59,contemporary,,False,283,264,10,0.9328621908127208
cJy5pDkgDpw,【荀子的大智慧】道阻且長，行則將至；行而不輟，未來可期；唔好畀佢停，幾難都事成,20220701,15,130.46,contemporary,,False,333,317,11,0.9519519519519519
cNQ43QUtn_4,【蓮香樓結業】一點追憶；風雨飄搖唱別蓮香,20220924,2,12.35,contemporary,,False,26,23,2,0.8846153846153846
cQc9X41V8xQ,【廣東話講呢啲】事頭、事頭婆出處,20220911,13,142.56,contemporary,,False,447,412,13,0.9217002237136466
cXiZxKCrbyQ,【林鳳弄劍舞刀】似模似樣呃到人，原來只係件學神；耍得未必盡善美，一定交足貨畀你,20241124,4,70.2,film_clip,林鳳,True,227,207,4,0.9118942731277533
crC6p5qzKvI,【連老豆姓乜都唔知】明眸皓齒似天使，世間邊有咁嘅事；周聰遇上俏林鳳，三魂七魄被充公,20241129,3,71.87,film_clip,林鳳,True,212,148,3,0.6981132075471698
d5zTJ6WtNaA,【有相有片有真相】丁珮作為李小龍的緋聞情人所具的本錢,20230810,5,64.32,film_clip,李小龍,True,228,201,5,0.881578947368421
d6Pn3NXtw7U,【任劍輝「嗒糖」芳艷芬】豔芬雖已作人妻，端莊吸引任劍輝；原來一早已心繫，無怪魂魄都唔齊,20250516,10,67.7,film_clip,任劍輝|芳艷芬,True,251,123,10,0.4900398406374502
d77p7E17EtY,我叫「伍允龍」，唔係「阿邊個」嘅「邊個」，都唔係「王九」！,20240521,4,62.82,contemporary,,False,182,147,4,0.8076923076923077
d9DN-AWVK9U,《尋找他留鬚的故事4》：李小龍有冇機留鬚拍返部戲？,20240305,13,272.5,film_clip,李小龍,True,937,818,10,0.8729989327641409
dF-JxO9T-i8,【林鳳《獨立橋之戀 》插曲「任你抱我」】一縷纖腰千人抱，半點朱唇萬客嚐；歡場悲歡恨怨間，唯望愛郎早日還,20250805,12,157.38,song,插曲,True,527,410,12,0.777988614800759
dNDCR59vuR0,YS9b 《多女唔使靠伟哥》,20220116,4,48.83,contemporary,,False,140,134,4,0.9571428571428572
ddrPXAcwXJQ,尋找李小龍「羅馬足跡」今與昔,20251214,13,86.05,film_clip,李小龍,True,325,281,10,0.8646153846153846
dfe2AOEcCcg,【李小龍實戰獨特步法】由 Fencing、Boxing 啟發嘅？,20251217,12,156.74,film_clip,李小龍,True,519,402,9,0.7745664739884393
dop-VxchVZo,黃子華話「錯就要認，要對方認」，學嘢喇！,20240903,4,84.09,contemporary,,False,246,147,4,0.5975609756097561
eBBmjbSfzKA,《尋找他留鬚的故事2》：李小龍帶住個鬍鬚look去見人,20240226,9,135.97,film_clip,李小龍,True,478,401,9,0.8389121338912134
eC7uNp3FMvA,【吳楚帆拍《人海孤鴻》認真過頭】李小龍同阿帆叔反晒大面！,20251014,5,77.66,film_clip,李小龍|吳楚帆,True,322,181,5,0.562111801242236
eRvrg_rPpdw,【林燕妮黃霑-絕戀】那天愛到無界域，此情可待成追憶,20250708,7,105.6,contemporary,,False,337,213,7,0.6320474777448071
eXXV3LUohig,【李小龍愛寫詩】一首教懷疑他的人閉嘴的英詩(中英文版),20230812,7,45.41,film_clip,李小龍,True,74,71,5,0.9594594594594594
ebFxWLJbxMY,【沙田靈犬忌廉】人見人愛小忌廉，佢話同你拜個年；小狗得意有人性，畀你撞到享永寧,20250131,8,52.26,contemporary,,False,125,62,8,0.496
ebmOk6AafNI,YS4b 《洪门宴》,20220112,6,66.98,contemporary,,False,132,125,5,0.946969696969697
emQWsE0DfhY,【《海闊天空》與日文版《遙遠的夢》】神一般的預兆；Who knows what tomorrow may bring?誰會知明天會帶來什麼？；《海闊天空》鋼琴伴白,20220629,12,145.5,contemporary,,False,393,356,10,0.905852417302799
f0Lzp4tSKOI,【不戴不戴還須戴】鵝姐，做咩戴返個口罩呀？你吹咩！,20220310,7,57.18,contemporary,,False,156,135,7,0.8653846153846154
fEC439V-FM8,【告別家駒】徐志摩《再別康橋》版；【海闊天空】抒情鋼琴伴白；上天把你帶走，卻不帶走你一生的風采,20220622,27,158.18,contemporary,,False,410,372,27,0.9073170731707317
fERSC9-tvZw,【聽陳麗斯《問我》-人生有感】 唔係咩都要問過，世事冇得問清楚；那怕面對多風波，笑看人生做自我,20250608,5,51.58,contemporary,,False,128,112,5,0.875
fEmmmt_FFtQ,【諸事八卦】嘥氣、嘥鬼氣、嘥Gas，英文點講？,20220125,8,93.7,contemporary,,False,159,138,8,0.8679245283018868
fJJiM5XAPjE,【GOD Translate 神翻譯(1)】知之為知之，不知為不知 - Know is know; no know is no know.,20241202,5,32.0,contemporary,,False,55,51,4,0.9272727272727272
fLFCU4gQJm0,【四哥情史一籮籮】《細數謝賢五段情》,20221130,11,137.28,film_clip,謝賢,True,310,275,11,0.8870967741935484
fMIikT9DuQ8,【燒雞翼我自細鍾意食】由欣宜親自操刀肥肥嗰隻《為食經》MV就最煞食！,20240922,4,65.08,contemporary,,False,209,177,4,0.84688995215311
fXwE9_IWH-c,【齊來跟林鄭學嘢】快啲見唔到我，就代表大家生活回復正常。就代表… 幽默…有自知之明…知衰…認衰；上任以來最為全港市民受落嘅一句！每人至少睇一次,20220311,11,133.06,contemporary,,False,435,405,11,0.9310344827586207
f_-Qv6gOOnQ,【十下十下(10)】10個香港人「姐姐」嘅叫法(你識幾多個？你叫邊幾個？),20240616,13,43.71,contemporary,,False,100,97,13,0.97
fenMDk7Ms8o,【廣東話講呢啲】雞蟲、狗公出處 - 叫好色之徒做「雞蟲」、「狗公」最貼切,20220919,12,114.56,contemporary,,False,346,313,12,0.9046242774566474
fndyN2fitf0,【天誅地滅—你全家】咒人要學譚炳文，激到琴姐發ti騰,20221013,5,52.92,contemporary,,False,127,73,5,0.5748031496062992
fs9REzDRlp0,【Beyond光輝歲月(昇華版)】真正的踏上光輝歲月,20220609,4,26.27,contemporary,,False,50,49,4,0.98
fsICD5cvIl8,【李小龍響美國俾人恰到上心口】下一秒會點？,20260219,6,46.62,film_clip,李小龍,True,151,136,6,0.9006622516556292
ftKWA_gAzTo,【多情自古空餘恨，此恨綿綿無絕期】豬八戒，你偷得超絕！,20221016,6,104.64,contemporary,,False,266,200,6,0.7518796992481203
fuf6qp-uaHA,李小龍係咁噏「黑道術語」，你識幾多？,20251030,12,131.22,film_clip,李小龍,True,417,222,12,0.5323741007194245
g3qdsdztDqQ,【李小龍風光背後】莫非已知大限至，盤算光輝何日止,20251213,7,101.09,film_clip,李小龍,True,363,328,7,0.9035812672176309
g4tMvJTPtnc,【同你fact check】李小龍同「東方最美麗動物」 張仲文又有一手！,20251221,16,192.03,film_clip,李小龍,True,655,581,15,0.8870229007633588
gOTeY1Br7Ns,【打小人打埋Omicron】驚蟄；灣仔鵝頸橋；由頭打到落腳；小人散退；Omicron散退；有片示範；附專業婆仔版,20220305,28,400.29,contemporary,,False,1333,1115,28,0.8364591147786947
gT1H1O2UpUQ,【林鄭不連任】夠鐘返屋企！女媧補天！修補撕裂！臨別贈何言？,20220405,19,240.48,contemporary,,False,719,661,19,0.9193324061196105
gX9MTnDCHKM,【富東閣江湖再見】摺咗邊度下午茶？我話從此唔飲嘞！,20250625,5,39.36,contemporary,,False,104,88,5,0.8461538461538461
gZUV6ni1EPA,YS2a1 《耐人尋味》  同場加映,20211231,16,303.04,contemporary,,False,861,638,15,0.7409988385598142
gbN1E89g7yc,【李白《月下獨酌》】舉杯邀明月，對影成三人；醒時同交歡，醉後各分散,20250913,4,45.18,contemporary,,False,104,95,4,0.9134615384615384
gbrLzyVC-t0,李小龍在1965年的荷里活試鏡中首度披露Be Water的概念[附中英字幕],20240822,3,64.7,film_clip,李小龍,True,167,141,3,0.844311377245509
ghJ7QzFKpXU,【香港人創作的歇後語】新澤西~食水深,20220714,8,107.55,contemporary,,False,355,308,8,0.8676056338028169
gkrMlAAbfXY,【伍允龍醒你嘅】要紥得起就千祈千祈記住記住...,20240521,7,156.42,contemporary,,False,523,415,7,0.7934990439770554
gmggwZTArDs,【Beyond黃家駒的抉擇】理想與妥協(1)；音樂水平不降低，理想前途盡報廢,20220625,12,148.19,contemporary,,False,499,461,11,0.9238476953907816
h0ZHAVQQ9O8,【青青河邊草】唔記得「吳君麗」都記得佢唱呢隻歌！,20260310,6,16.7,contemporary,,False,52,49,6,0.9423076923076923
hAQyH9W-0o4,《好快到佢做一哥》,20220122,1,35.58,contemporary,,False,119,112,1,0.9411764705882353
hCUGY3-RIB4,【源記結業】一點追憶：滋補潤喉暖心頭，至尊甜品再難求,20221008,9,68.13,contemporary,,False,185,171,8,0.9243243243243243
hIDlXK7K7jk,【食咗草龍，咁好唱口】邊隻至係「草龍」?,20221016,13,128.9,contemporary,,False,426,380,13,0.892018779342723
hYXJOBBpFHg,【「貓王」同「李小龍」世紀同框】跳完舞再嚟比試，教人興奮看如痴,20251225,3,9.02,film_clip,李小龍,True,30,26,3,0.8666666666666667
hguzTBqAszY,【打小人道士版】唔使擇日子！史上至惡毒打小人獨家由頭打到落腳口訣；小人退散,20220306,5,60.38,contemporary,,False,201,182,5,0.9054726368159204
hjBzl1XMgfo,【超強颱風蘇拉襲港下的尖沙咀早晨】,20230901,7,59.84,contemporary,,False,173,168,7,0.9710982658959537
hm2Hm93gCjU,《悼瓊瑤》瓊瑤今朝翩然去，莫哀莫愁幻化虛；動心動人作品留，瀟灑一生復何求；誠然生命最可貴，面對逆境决高低,20241204,4,86.05,contemporary,,False,254,239,4,0.9409448818897638
huOpj7AJpas,【曾江同你講「安心」】風雨人生供磨練，順也泰然逆亦然；心無牽掛自安然，捨也從容續亦然,20250720,3,61.14,contemporary,,False,132,120,3,0.9090909090909091
hxmM5bL2g0k,阿Mo醒了！大步檻過！由嚴重到危殆到清醒：嚴重、危殆，邊個嚴重啲？,20220809,16,235.78,contemporary,,False,746,605,16,0.8109919571045576
i-8A7MoeZrg,【諸事八卦】賓虛咁嘅場面！點解咁嚟形容「墟冚」?,20220126,11,79.23,contemporary,,False,279,270,11,0.967741935483871
i0edA9BkOjc,【Animal Talk - 北極熊物語】瞓咗唔會醒,20260206,4,18.3,contemporary,,False,50,43,4,0.86
i1As-EBabRc,【香港話當年】蓮香樓歷史；百年興衰盡在此,20220823,21,296.99,contemporary,,False,865,743,20,0.8589595375722543
iFub1JSiYC4,【蕭芳芳苦練舞技原因】為咗有朝一日做李小龍個舞伴？,20251025,4,14.46,film_clip,李小龍,True,41,31,4,0.7560975609756098
iG1olu8M82U,【鍾玲玲主唱 You are the sunshine of my life】你是我生命中的陽光，正是為何常在你身邊；你是我心目中的珍寶，你將永遠留在我心中,20260113,7,130.56,song,主唱,False,45,44,2,0.9777777777777777
iIA9xASDxSE,冇「李小龍 」就冇我「梁小龍」！,20260120,5,53.38,film_clip,李小龍,True,177,137,5,0.7740112994350282
iL4TJUbaAFM,【迷失中的粵語】粵語保育及傳承，何去何從？,20221006,9,109.41,contemporary,,False,400,335,9,0.8375
iNmjK7_7Dto,【胡楓係李小龍救命恩人】唔怪得知兩條友咁friend喇！,20250101,7,69.54,film_clip,李小龍,True,238,160,7,0.6722689075630253
iQA9WwEzrgE,【李小龍同吳楚帆「拗手瓜」】結果出人意表！,20251013,4,41.21,film_clip,李小龍|吳楚帆,True,137,107,4,0.781021897810219
ilsOhyrLOAY,【唔怕生壞命，最怕改壞名】我「井莉」個老豆「井淼」個名改得真好！,20220730,7,67.01,contemporary,,False,176,160,7,0.9090909090909091
iuZrOt4-KdU,【惡搞Mark哥《英雄本色》經典場面】發哥竟然同大小姐龍力蓮吮腳趾,20240810,3,31.54,parody,惡搞,False,113,49,3,0.4336283185840708
ivS-TeGCbNc,【《青玉案·元夕》辛棄疾】眾裏尋他千百度；驀然回首，那人卻在燈火闌珊處,20251004,5,84.83,contemporary,,False,264,225,5,0.8522727272727273
ivVpXH_ZU8A,YS6a 《口罩打孖上》,20220113,5,63.58,contemporary,,False,137,123,5,0.8978102189781022
iz2lF-IiOZw,【生命不在乎得到什麼，只在乎做過什麼】黄家駒這金句怎樣生成(上),20220605,10,170.14,contemporary,,False,515,455,10,0.883495145631068
jGHOoOwKQdI,【鍾玲玲主唱 It Must Be Him】我告訴自己做了就是做了，我告訴自己別當傻瓜；一定是他，不然我就會死,20260209,8,72.03,song,主唱,False,50,42,2,0.84
jNM5arBwwvY,Tatler Asia 被跪低：主辦單位來承擔，回水一半蝕到喊,20240211,5,53.66,contemporary,,False,131,114,5,0.8702290076335878
jSQXgyb1vKY,【少年李小龍「性的疑惑」】「咸濕仔」好想好想睇「脫衣舞」！,20250211,10,185.18,film_clip,李小龍,True,720,399,9,0.5541666666666667
jlAsU6rCaFU,【廣東話講呢啲】行船爭解纜 - 行船爭解纜，月餅我賣先；行船爭解纜，買賣佔前頭,20220906,10,135.39,contemporary,,False,408,352,10,0.8627450980392157
jlBAcCH1jEI,【你今日飲咗未？】無數香港人嘅集體回憶；你今日中咗未？有片重溫,20220310,14,99.2,contemporary,,False,337,290,14,0.8605341246290801
jsbMIaUjAOo,李小龍完美「爆肌」LOOK,20240213,5,69.66,film_clip,李小龍,True,230,203,5,0.8826086956521739
jvknMvR2iVs,「阿Sa個阿嫲」原來係李小龍嘅「螢幕初戀」？,20250224,9,174.52,film_clip,李小龍,True,707,380,9,0.5374823196605375
k9vrs-N106Q,李小龍一早就做緊「粵語保育及傳承」！,20230723,5,82.94,film_clip,李小龍,True,179,171,4,0.9553072625698324
kEYlLb7TH9o,【籮記芳芳舞合體，世上已經冇得睇】難得一身好本領，羅文歌精舞都醒；包羅萬友預埋你，搵嚟芳芳騷舞技,20250504,3,19.42,contemporary,,False,48,43,3,0.8958333333333334
kEjwIjbrwv8,【廣東話講呢啲】 大步檻過 - 典故？,20220801,8,148.16,contemporary,,False,440,396,8,0.9
kEnambyROA4,【悼念楚原】出得嚟行梗要有幾個名嘅！別號張寶仔、筆名秦雨、藝名楚原；個個有段古！,20220329,21,233.31,contemporary,,False,803,754,21,0.9389788293897883
kUqvem6B2VY,YS1b1 《粉丝经》 同场加映,20211231,9,95.26,contemporary,,False,259,210,8,0.8108108108108109
kdoFevWmZms,YS7a 《口罩二重奏》,20220113,4,37.31,contemporary,,False,105,89,4,0.8476190476190476
kipF8C4tuLA,【朵朵雲兒飄呀飄-人生有感】同一天空下伴我青蔥歲月，有幾許情緣至今仍然在說,20251115,4,23.68,contemporary,,False,56,49,4,0.875
kpDQ-6ifdHQ,【李小龍「截拳道」要義 - 以無法為有法，以無限為有限】似無還有有還無，似有還無無還有,20250713,6,47.78,film_clip,李小龍,True,90,74,6,0.8222222222222222
kwcy-9CHGdk,【黃霑死於肺癌】自我滿足每一天，黃霑死都唔戒煙；宣揚千祈咪食煙，聽到係咪人都癲,20221015,7,87.58,contemporary,,False,240,176,7,0.7333333333333333
l0h9wUTrNbI,【《秋天的童話》別了秋天(鋼琴版)】《秋天的童話》編劇，羅啟銳先生走了！我船頭尺同茶煲，向你致敬！,20220705,2,8.96,contemporary,,False,9,9,1,1.0
l3maA9F6wt0,【諸事八卦】大陣仗、水蛇春咁長！點解咁講？,20220127,14,136.67,contemporary,,False,430,401,14,0.9325581395348838
l5I1tLaBdDA,【甄子丹「愁爆」有因由】佢老婆將「踩屎」演繹得淋漓盡致！,20251204,7,100.1,contemporary,,False,341,263,7,0.7712609970674487
lLRQzWscCQ8,YS2a2 《耐人尋味》 誦讀版,20220112,3,37.38,recitation,誦讀,False,97,38,2,0.3917525773195876
lO5UnkHDgE0,【譚炳文喊得一句句】尤伯連納勸戒煙，譚炳文傾力聲演；香煙廣告冇得撈，勢估唔到咁糟糕,20221015,8,136.13,contemporary,,False,304,145,6,0.4769736842105263
lQ9Ptj6nQCE,【芳艷芬搵Tango舞伴】李小龍係不二之選,20250124,3,25.5,film_clip,李小龍|芳艷芬,True,63,54,3,0.8571428571428571
lSPNfjuh5ho,【吳亦凡強姦、聚眾淫亂、驅逐出境】好眉好貌生沙虱；食得禾米多,20221125,6,55.06,contemporary,,False,132,125,6,0.946969696969697
lZZoMgE8On4,【曾江金句II】我愛春風和烈酒，也愛孤獨和自由,20220502,18,172.93,contemporary,,False,461,442,16,0.9587852494577006
m6OSbnAy7zw,【最悅耳的廣東話朗讀】《勸世文》由賭王何鴻燊「穿越時空」演繹,20250716,4,86.94,recitation,朗讀,False,191,174,4,0.9109947643979057
mAY9rHmQCFE,【梅艷芳式-天長地久，曾經擁有】此情可待成追憶，只是當時已惘然；擁有時不珍惜，失去時感可惜！,20251005,3,39.1,contemporary,,False,118,105,3,0.8898305084745762
mh2gkX1tceE,YS10a 《疊埋心水等派錢》,20220118,4,52.64,contemporary,,False,138,125,4,0.9057971014492754
mlNSL9Bt5dw,【《人海孤鴻》爭議性議題】孤兒院院長吳楚帆同流氓李小龍喺公眾場所度煲煙？！,20251022,9,145.11,film_clip,李小龍|吳楚帆,True,421,295,8,0.7007125890736342
myyXZNJtXoM,2024札幌雪祭：由始至成,20240208,3,40.35,contemporary,,False,107,85,3,0.794392523364486
n3ZQI3jtmuE,【1973日本電視訪問】「緋聞情人」苗可秀對李小龍之死的感受,20230729,3,32.32,film_clip,李小龍,True,94,75,2,0.7978723404255319
n584e3exz7Y,【不認不認還須認】香港點解搞成咁呀？醫療系統爆煲；醫護人員壓力爆煲；咩係爆煲、壓力爆煲？點先算爆煲、壓力爆煲？,20220316,38,208.8,contemporary,,False,696,660,38,0.9482758620689655
nCgFcwX9xMw,【信一有嘢講】城寨圍城譽滿載，票房一億袋落袋,20240604,5,60.99,contemporary,,False,144,126,5,0.875
nKEgFhap4q0,【廣東話講呢啲】好lut (慄)本字 - 有音無字？,20220218,13,217.54,contemporary,,False,666,623,13,0.9354354354354354
naqbrcuqhYc,【倪匡的人生總結(下集)】此生將盡，兩句話可以概括，曰：七八十年皓皓粼粼無為日，五六千萬炎炎詹詹荒唐言,20220706,16,232.1,contemporary,,False,696,628,15,0.9022988505747126
ncIeYYcpTHQ,【一日鹹魚，一世鹹魚】星爺：做人如果冇夢想，同條鹹魚有咩分別呀！,20240908,5,119.08,contemporary,,False,416,343,5,0.8245192307692307
nfRHPZcp-0Y,【海運戲院首映《唐山大兄1971》回帶】偉大的李小龍就此誕生,20250602,4,52.35,film_clip,李小龍,True,131,111,4,0.8473282442748091
ngkZnFdgUGo,【蓮香樓結業】若知賣仔莫摸頭，光榮結業何用愁；本可避免衰收尾！,20220826,12,248.64,contemporary,,False,791,687,12,0.8685208596713021
nvTbhTrDJI0,【十下十下(5)】10個香港人「老公」嘅叫法(你識幾多個？你叫邊幾個？),20240612,12,46.14,contemporary,,False,116,102,11,0.8793103448275862
nx01uWRkqlQ,【纪念黄家驹60岁冥寿】巅峰离世人心碎，何处还我黄家驹；海阔天空传音艺，光辉岁月永不逝,20220530,15,279.84,contemporary,,False,811,768,15,0.9469790382244143
o0tTotoFe5M,【香港話當年】蓮香樓的前世今生；百年老店難逃劫，兜兜轉轉都要摺,20220924,31,359.07,contemporary,,False,1054,960,31,0.9108159392789373
oHqPUYmq_Ug,【十下十下(8)】10個香港人「老豆」嘅叫法(你識幾多個？你叫邊幾個？),20240613,6,28.9,contemporary,,False,76,71,6,0.9342105263157895
oRhMEzUTOYU,【告別一代大俠徐少強】男會憎佢咁有型，女會恨佢咁無情；大俠形象人慕仰，遍尋不獲雲飛揚,20240930,3,50.94,contemporary,,False,124,111,3,0.8951612903225806
o__z0xfi-DY,【再見事頭婆英國現場剪影】一代女皇今上路，全國民衆深哀悼；一路好走登天道，生榮死哀她辦到,20220924,3,21.82,contemporary,,False,48,47,3,0.9791666666666666
ofwQOtQzB_M,【粤語朗讀】《呢個就係人生》楚原,20220222,8,103.68,recitation,朗讀,False,185,176,6,0.9513513513513514
p-QSXN8bce4,【不在乎天長地久，只在乎曾經擁有】經典廣告對白，表達什麼？,20221031,7,100.9,contemporary,,False,309,273,6,0.883495145631068
p0JmhpXQ2rw,嘉玲與黎愛蓮 Irene Ryder 同場又唱又跳阿哥哥 A Go Go，仲有羅蘭、張英才、鄭君綿、李鵬飛齊齊跳,20240913,4,35.62,film_clip,嘉玲,False,116,99,3,0.853448275862069
p4Lb0PUk7U4,【Animal Talk - 松鼠物語】天天食蘋果，醫生遠離我；轉食 kiwi 果，條命長得多,20260215,5,21.66,contemporary,,False,50,43,5,0.86
pHbtsTczrrc,【最悅耳的廣東話朗讀】《寬心經》由楚原「穿越時空」演繹,20250718,4,63.35,recitation,朗讀,False,132,116,4,0.8787878787878788
pObiqaGBlZk,【李清照《聲聲慢》】尋尋覓覓，冷冷清清，悽悽慘慘戚戚,20251002,5,44.99,contemporary,,False,83,70,4,0.8433734939759037
pR4PVYPBNGI,【江旻憓轉頭到馬會履新】重青年體育發展，生命大計邁向前,20240806,11,106.88,contemporary,,False,283,266,11,0.9399293286219081
pSywdH596jI,【2025年多倫多一場「初雪」-人生有感】借景抒情，人步尾聲；樂天知命，知己共榮,20251112,6,31.3,contemporary,,False,80,72,6,0.9
pVn529r5yWc,【1995年無綫台慶趣劇】劉德華「杏加橙事件」的始末,20240825,5,103.87,contemporary,,False,268,224,4,0.835820895522388
papSH97_ASI,【睇林鄭學廣東話】近排有啲撞聾，講大聲啲唔該！聾人多辯駁,20220221,7,90.98,contemporary,,False,268,250,7,0.9328358208955224
ph0ZsgRG4w0,「劍橋大學」同你講咪鬼讀書！,20260714,5,70.97,contemporary,,False,180,132,5,0.7333333333333333
pkdxwDYU9Bo,【不在乎天長地久，只在乎曾經擁有】紅姑，你完美演繹了！,20221031,9,128.96,contemporary,,False,440,397,9,0.9022727272727272
pu2RV-9xVtk,【聽夏韶聲《永不放棄》-人生有感】永不放棄撐到尾，十常八九都冇戲；要放棄時須放棄，永不放棄害死你,20250616,8,109.15,contemporary,,False,334,289,8,0.8652694610778443
q6CTRjrHToY,【李小龍Be Water名言】翻譯最精準傳神的「廣東話精華版」,20240823,5,125.46,film_clip,李小龍,True,404,364,5,0.900990099009901
q8Uuu6cSgDg,【1965 Beatles 披頭四 ~ Yesterday】安排黎愛蓮同 Paul McCartney 嚟一次穿越時空「對唱」,20240923,9,116.15,contemporary,,False,156,136,3,0.8717948717948718
qFwfiOIRZbg,【張智霖、許秋怡式-現代愛情故事】遇上愛情譜愛歌，去到分離雙無錯；情緣已盡應抽離，糾纏下去惹痛悲,20251009,3,19.87,contemporary,,False,48,42,3,0.875
qT1RaTk0Puw,【《海闊天空》日文版《遙遠的夢》】詩一般的歌詞；《海闊天空》鋼琴伴白,20220629,20,117.34,contemporary,,False,299,271,15,0.9063545150501672
qbSDBzawSIw,【問世間，情是何物，直教生死相許】郭襄，何經？夢遺大師，何典？,20221018,13,121.06,contemporary,,False,329,306,8,0.9300911854103343
qsF93-MjAXQ,【灣仔大榮華結業】疫情肆虐似張刀！迫使肥韜變瘦韜？剩返元朗大榮華,20220822,14,142.69,contemporary,,False,451,415,14,0.9201773835920177
qxx187UEnMQ,【紀念黃家駒60歲冥壽】巔峰離世人心碎，何處還我黄家駒；海闊天空傳音藝，光輝歲月永不逝,20220529,14,280.13,contemporary,,False,811,764,14,0.9420468557336621
qyI11NALuMs,【芳芳大跳《卡門》舞】舞姿曼妙佢做到,20250516,4,13.89,contemporary,,False,37,28,4,0.7567567567567568
qzm-lyaKGkg,【聽陳百強《一生何求》-人生有感】淨係富有唔足夠，精神擁有至係有；健康才智如擁有，你的一生復何求,20250610,9,39.78,contemporary,,False,112,89,9,0.7946428571428571
r30aV9fQcr0,【一水隔天涯】「苗金鳳」憑呢首歌大家就成世都記得佢！,20260312,13,93.14,contemporary,,False,318,290,13,0.9119496855345912
r37jvdvehRQ,【香港人集體「回憶殺」】鍾玲玲隻「菊花牌乳膠漆」點少得，李克勤都嚟「扮晒嘢」！,20250826,4,84.66,contemporary,,False,287,215,4,0.7491289198606271
r68V8aBfZD8,【無線創造畀李小龍嘅黃金機會】《青蜂俠》配音片集同上《歡樂今宵》表演奇功,20250208,12,234.51,parody,配音,True,843,641,11,0.7603795966785291
r7ZgEKq-UVQ,謝賢「迫」蕭芳芳跳「泰國竹竿舞」？！,20260307,3,12.99,film_clip,謝賢,True,44,37,3,0.8409090909090909
rSk0-BdtAok,【粵語朗讀】《新七步詩》—— 延防疫禁令,20220205,3,24.38,recitation,朗讀,False,48,47,3,0.9791666666666666
rWbXz8eei7Q,【曾江領悟的大智慧(下)】人之患，在好為人師；勸君勿亂作人師，虛心受教才表意,20220521,17,236.06,contemporary,,False,649,587,17,0.9044684129429892
rgJOFwBIlsI,【廣東話講呢啲】「開巷」出處 - 開巷；開晒巷；贏到開巷；贏到開晒巷,20220924,13,197.57,contemporary,,False,632,512,13,0.810126582278481
rhugJ6AP5Yk,【鳳凰涅槃，浴火重生】《鳳凰同歌》、《鳳凰更生歌》郭沫若新詩,20220701,9,145.06,contemporary,,False,281,252,6,0.896797153024911
rqqxzCLau5g,【唔怕生壞命，最怕改壞名】「陳福水」係張國榮喺《為你鍾情1985》度個名,20220730,12,168.13,contemporary,,False,528,411,12,0.7784090909090909
s1Hxy1SKwNg,【最悦耳的廣東話朗讀】《再別康橋》- 徐志摩最感性的文字,20250608,10,83.74,recitation,朗讀,False,214,193,10,0.9018691588785047
s4lX4_WNRic,【翻生孔子示範朗讀】廣東話童謠《黐糖咪》,20240803,7,30.94,recitation,朗讀,False,75,65,7,0.8666666666666667
sOQ01mpqfs0,【Animal Talk - 幼狐物語】與其痛苦，不如唔好再見；臨別依依，從此朝夕相思,20260214,6,20.35,contemporary,,False,60,52,6,0.8666666666666667
swwK7bQDriw,【林鳳胡楓《男親女愛-1963年版》】你呃我氹虛假情，各取所需交易成；道行唔夠易被昆，人財兩失怨無人,20250111,10,113.25,film_clip,林鳳,True,387,267,10,0.689922480620155
t4BuTm6iF-I,【諸事八卦】顯鵝真性情 vs 死雞撐飯蓋,20220212,5,37.22,contemporary,,False,99,89,4,0.898989898989899
t6scQL95LAM,【林鳳《獨立橋之戀 - 印度情歌》為我為我妒焰焚，令我令我暗斷魂；我憎君你又愛君，待你共我抹淚痕,20241021,9,163.67,film_clip,林鳳,True,488,357,9,0.7315573770491803
tKdmT0JtFhY,【天下奇聞】楊貫一賣鮑魚賣到做「一哥」,20230802,4,61.31,contemporary,,False,160,152,4,0.95
tMvCw-t6-Uc,【索爆歌手鍾玲玲】宜今宜古，驚豔登場李小龍遺作《龍爭虎鬥》,20230814,18,245.89,film_clip,李小龍,True,513,454,9,0.884990253411306
t_Yba4h9w4c,【堅作简体尼作泥-坚泥地城】將錯就錯成地標，皆因有堅離地feel,20250110,7,105.31,contemporary,,False,300,219,7,0.73
tcPb6iRCaJA,【奸人堅最堅口訣】一奸奸到痺；二奸奸到子散妻離；三奸奸到人頭落地,20241201,8,143.48,contemporary,,False,403,290,8,0.7196029776674938
tghzGEXcWME,【Beyond黃家駒的抉擇】理想與妥協(2)；深知樂人非藝人，不容其他使費神,20220625,14,161.76,contemporary,,False,519,484,14,0.9325626204238922
tiAZXns5K2o,【翻生李小龍】伍允龍冇咁嘅身手，點會搵佢拍西片《龍之誕生》扮李小龍呀？,20240522,9,129.7,film_clip,李小龍,True,424,389,8,0.9174528301886793
tpE-yiRudx4,【廣東話講呢啲】捉到鹿唔識脫角 - 影相留念？「鹿茸」聽講壯陽…,20220908,13,232.86,contemporary,,False,739,589,13,0.79702300405954
txj-nvyhNeQ,【倪匡為衛斯理寫的墓誌銘】多想我生前好處，莫說我死後壞處；原意：多想生前我好處，死後莫說我壞處,20220712,8,109.31,contemporary,,False,324,299,7,0.9228395061728395
uMm5I9C7MDQ,【反斗李小龍教死任劍輝】你講：一寸光陰一寸金，寸金難買寸光陰；佢應：借錢遲還打鑊金，立心唔還踢下陰,20250217,16,296.41,film_clip,李小龍|任劍輝,True,1115,611,15,0.5479820627802691
uQ-mD4O0Lpw,李小龍個「緋聞情人」丁珮話：佢個「黑超Look」我都好鍾意,20250716,6,42.78,film_clip,李小龍,True,148,131,6,0.8851351351351351
uQUaBEoMIHg,【不在乎天長地久，只在乎曾經擁有】經典廣告對白，構想何來？,20221031,6,126.53,contemporary,,False,409,371,5,0.9070904645476773
uYN_9pBHKG0,【《龍爭虎鬥》李小龍牙齒當金使-起用茅瑛】茅瑛把炮嗰陣，洪金寶同成龍仲係條蟲,20250803,14,152.2,film_clip,李小龍,True,447,386,9,0.8635346756152126
ue8-iO-aX5I,【不在乎天長地久，只在乎曾經擁有(1988)】講呢啲？係講現代愛情！,20221031,7,56.96,contemporary,,False,143,129,7,0.9020979020979021
un9ybvOfMdM,世紀大騙案：美斯唔出場,20240205,3,53.59,contemporary,,False,132,126,3,0.9545454545454546
upCziR9Dj5Y,【曾江金句的大智慧】月盈則虧，水滿則溢；有小暑也有大暑，有小寒也有大寒，有小滿卻沒大滿,20220525,14,167.36,contemporary,,False,439,410,14,0.9339407744874715
v0NnwIvVtjI,男拔生曾憲哲失蹤8日奇蹟尋回,20231011,3,55.9,contemporary,,False,132,116,3,0.8787878787878788
v5Wx3MKlBuM,《尋找他留鬚的故事3》：李小龍有冇留過鬚拍戲？,20240304,14,80.34,film_clip,李小龍,True,300,257,14,0.8566666666666667
v78MkgYvOrQ,【人過50必要想】從瓊瑤的輕生看生死[背景音樂：歲月神偷；秋天的童話],20241208,20,547.33,contemporary,,False,0,0,0,
vFrMK-oxuV4,【李小龍水池巷壁畫剷走咗】政府要刺激經濟，小龍遺產可造勢；有張好牌唔曉上，十下十下烏啄啄,20250118,6,120.03,film_clip,李小龍,True,408,297,6,0.7279411764705882
vJimNzAr-lo,【林燕妮黃霑那段緣】昔日轟烈一段情，奈何分手盡歸零,20230118,11,119.78,contemporary,,False,266,240,11,0.9022556390977443
vhvzzWnTK_Y,【十下十下(1)】10個香港人會用嚟描述「王九」至爆嘅形容詞,20240601,11,37.25,contemporary,,False,69,45,9,0.6521739130434783
vwzpuyvZSdI,【懷念曾江】佢就威水喇！佢嗰 3 項威水史，你又知唔知呀？,20220501,26,311.46,contemporary,,False,1049,943,23,0.8989513822688274
w4hCyh2PlaI,李小龍細路哥嗰陣有幾曳，聽完佢唱呢首「廣東話兒歌」就知嘞！,20240804,2,31.36,film_clip,李小龍,True,61,51,2,0.8360655737704918
wEaQoL1empQ,【鍾玲玲不知那日《踏上愛情路》】情如夜霧遠近看不清楚，一絲愛意你未真心透露；百里路終須走到，今天只距三兩步,20260303,7,112.61,contemporary,,False,180,108,7,0.6
wIdnUCjEssQ,【天有眼】紙包唔住火，雲包唔住太陽；係金就會發光，係屎就冚唔住臭,20251217,9,25.82,contemporary,,False,72,65,9,0.9027777777777778
wKnZonmRm_0,【蓮香樓結業】本應冇得輸！捉到鹿唔識脫角,20220908,12,195.94,contemporary,,False,658,574,12,0.8723404255319149
wToq891_0Ew,【粤语朗读】《再别康桥》佳句 徐志摩,20220208,3,28.96,contemporary,,False,78,69,3,0.8846153846153846
wme62WSv6_Q,1973年李小龍遺孀蓮達回美前向媒體發的「公開信」,20230723,6,108.93,film_clip,李小龍,True,235,150,5,0.6382978723404256
wmsBUAfxcpc,【70年代女神鍾玲玲】何生「起痰」都正常；一颦一笑、一唱一跳教人意亂情迷,20251202,4,13.92,contemporary,,False,35,30,4,0.8571428571428571
wrZW3zFKKG8,YS6b 《口罩打孖上》,20220113,5,63.65,contemporary,,False,137,123,5,0.8978102189781022
x07083qMjr4,一詩理解李小龍所開創的「截拳道」,20230724,5,89.76,film_clip,李小龍,True,207,194,5,0.9371980676328503
x3lXIRulmQk,【詠春二字拑羊馬】楊紫瓊、李小龍、林正英、李麗麗同你示範,20241030,10,130.5,film_clip,李小龍,True,491,381,8,0.7759674134419552
x6fHdDGHnpg,【諸事八卦】打蛇餅、墟冚，廣東話點解咁講？,20220125,7,74.69,contemporary,,False,238,227,7,0.9537815126050421
xGhoDgFe8GQ,李小龍「副偈」可以去到咩位？,20260717,10,40.38,film_clip,李小龍,True,139,129,10,0.9280575539568345
xaGu8VdP9nU,【灣仔大榮華結業】一點追憶：屹立灣仔五五載，難忘韜韜圍村菜,20221010,13,110.34,contemporary,,False,324,293,12,0.904320987654321
xmEDLJqNCK0,YS7b 《口罩二重奏》,20220113,4,37.31,contemporary,,False,105,91,4,0.8666666666666667
yMiOxRdFGjg,【走山雞】走地雞你聽得多，走山雞未必聽過,20230216,9,73.37,contemporary,,False,201,137,8,0.681592039800995
yOaVkjAxMAs,【太極何義】李小龍用廣東話同你講,20230804,5,132.26,film_clip,李小龍,True,342,297,5,0.868421052631579
yQX1MseKbh0,【謝賢 - 影壇情聖】佢嘅外表雖花 fit，情場並非全報捷；唔係見親女就溝，從來風流不下流,20260721,23,279.35,film_clip,謝賢,True,986,500,23,0.5070993914807302
yUsY5ZWOUMs,【蔡瀾魂遊四海】巴巴閉閉有眼見，風風光光現眼前；來生瀟灑再嚟過，一路好走阿彌陀,20250627,6,54.59,contemporary,,False,132,118,6,0.8939393939393939
yazBjEzVozc,【Hello Kiss事件】咩嘢叫做Hello Kiss，講完Hello就親熱,20240720,7,43.14,contemporary,,False,77,73,5,0.948051948051948
yeRdDP5GqMA,【楚原金句-古今多少事，都付笑談中】出自《臨江仙•滾滾長江東逝水》,20260404,8,131.19,contemporary,,False,229,209,5,0.9126637554585153
yfl_B98gb7o,【粵語朗讀】《虞美人》李煜,20220205,3,39.81,recitation,朗讀,False,80,77,3,0.9625
ynuA9DgE3oM,【香港地笑貧不笑「三」】做小三要識搵馬，搵到仲要識騎馬；令佢不停做阿爸，咁至可以留住他,20260301,7,70.43,contemporary,,False,168,146,7,0.8690476190476191
z-FTJewy3vA,【不在乎天長地久，只在乎曾經擁有】搞笑篇(1),20221102,12,60.42,contemporary,,False,147,120,11,0.8163265306122449
z0d7n9QxYiE,【黎愛蓮唱 The End of the World】愛蓮小龍一段緣，跌宕廻旋情虧損；往昔恩情恨柔柔，與君相逢泯恩仇,20260123,13,114.24,contemporary,,False,37,36,2,0.972972972972973
zDY3f_JU2Mw,【闔府統請嚟柴台】萬眾期待黃子華、張達明、吳鎮宇《鬚根Show》變種版《黐筋Show》強勢登場,20250213,12,198.87,contemporary,,False,712,457,12,0.6418539325842697
zLH6UBjv7iM,【悼念曾江詩文】《也許你先來睡一睡》聞一多《也許》續篇；世上已無俏黄蓉，江湖再無黄藥師,20220507,6,87.2,contemporary,,False,218,185,5,0.8486238532110092
zQ74tQFIXZU,《小毛蟲找媽媽》廣東話創作兒歌,20260716,1,2.02,contemporary,,False,3,3,1,1.0
zQvwsDGr9JU,【弔唁事頭婆香港現場Last Day偶拾19-9-2022】香港人情薄過紙，應該就係睇邊啲；弔唁市民來不絕，心有話兒在此說,20220920,3,21.34,contemporary,,False,48,47,3,0.9791666666666666
zUPrQBxS2NM,【截拳道 非常道 非常名】,20230724,4,74.17,contemporary,,False,69,66,2,0.9565217391304348
za1OqKsqiCc,食神「蔡瀾、肥韜」給我們的人生啟示,20250706,9,66.33,contemporary,,False,160,141,9,0.88125
zh0-UdbZ2UE,【大澳周邊風貌-人生有感】周邊景致一步遙，寂靜心靈隨風飄；自求多福至關緊，盡其在我不求人,20250525,3,43.07,contemporary,,False,104,89,3,0.8557692307692307
zhkldou_CKY,黃元申、黎愛蓮兩個《餓虎狂龍 1972》角色也曾演過其人生Sad Movies(悲情戲),20250106,10,145.51,contemporary,,False,400,353,7,0.8825
zjYZCFQI84s,【黃霑乜得叫黃霑，淺訴黃霑兩段緣】,20230108,7,73.88,contemporary,,False,172,161,7,0.936046511627907
zp3LxJr8aJA,【蘇軾《水調歌頭》】人有悲歡離合，月有陰晴圓缺；但願人長久，千里共嬋娟,20250929,6,114.66,contemporary,,False,233,206,6,0.8841201716738197
ztXD5GSX13o,ㄍ香港露宿者天堂實錄》公眾地方冇王管；堵塞阻街何其寬,20240420,8,54.72,contemporary,,False,132,122,8,0.9242424242424242
zu5ZVRnnRVQ,【告別樂壇教父】永遠懷念顧嘉煇，獅山精神佢留低,20230107,6,73.89,contemporary,,False,171,160,6,0.935672514619883
