window_id,video_id,film_flag,clap_sing,singing_prob,var_db,stratum,human_label,annotator_note,forced_flag_sing
-duPp9s1JzQ_006,-duPp9s1JzQ,0,-3.5362055,0.0006124515784904,29.8896,both_low,unset,,0
0xkI0AW6xfQ_000,0xkI0AW6xfQ,1,-0.95419544,0.0366305746138095,9.3637,panns_high_only,unset,,0
0xkI0AW6xfQ_001,0xkI0AW6xfQ,1,5.6319356,0.1439121067523956,50.4513,both_high,unset,,0
0xkI0AW6xfQ_005,0xkI0AW6xfQ,1,7.42241,0.0692805871367454,46.8239,both_high,unset,,0
0xkI0AW6xfQ_008,0xkI0AW6xfQ,1,-2.3185852,0.0014097891980782,6.3475,mid,unset,,0
10G-1WZq5jc_014,10G-1WZq5jc,1,-3.4217293,0.0280145835131406,41.7661,panns_high_only,unset,,0
10G-1WZq5jc_018,10G-1WZq5jc,1,-4.4053612,0.0009322304395027,6.3359,both_low,unset,,0
1Mz-sKyoEy8_002,1Mz-sKyoEy8,0,5.3730683,0.0940060392022132,-0.2898,both_high,unset,,0
1uc4tqpk9o0_001,1uc4tqpk9o0,1,-2.1201699,0.001971400110051,13.7139,mid,unset,,0
2Y6itphxVyc_005,2Y6itphxVyc,1,3.1074538,0.2238008677959442,9.8974,both_high,unset,,0
389l_ackzDg_001,389l_ackzDg,1,-1.6895049,0.0127500491216778,9.0545,panns_high_only,unset,,0
5j651zUx6q4_008,5j651zUx6q4,0,-0.77984083,0.000668350898195,8.3807,mid,unset,,1
6SwkF4lY6gI_007,6SwkF4lY6gI,1,-2.8157907,0.0021444172598421,44.0223,mid,unset,,0
6qbasnLUeLs_002,6qbasnLUeLs,1,-0.15694998,0.0039855376817286,6.0096,clap_high_only,unset,,0
6qbasnLUeLs_003,6qbasnLUeLs,1,0.7408917,0.0004272972873877,27.3177,clap_high_only,unset,,0
6qbasnLUeLs_007,6qbasnLUeLs,1,0.97881001,0.0032175134401768,14.3012,clap_high_only,unset,,0
7uMXWgvf_IU_002,7uMXWgvf_IU,0,3.3224022,0.1258309781551361,46.3713,both_high,unset,,1
7uMXWgvf_IU_004,7uMXWgvf_IU,0,3.489249,0.1159785613417625,49.8888,both_high,unset,,1
7uMXWgvf_IU_006,7uMXWgvf_IU,0,-0.82316357,0.0969354435801506,46.2446,panns_high_only,unset,,1
83ipAZp4hr8_002,83ipAZp4hr8,1,-4.1524777,0.0008706000517122,6.3189,both_low,unset,,0
8jJY637fQik_005,8jJY637fQik,1,-3.8424499,0.0009524404304102,6.2451,both_low,unset,,0
9GKnaIpqSRA_003,9GKnaIpqSRA,1,0.80944818,0.0150861693546175,20.6366,both_high,unset,,0
9GKnaIpqSRA_004,9GKnaIpqSRA,1,3.0041544,0.0258400849997997,14.1147,both_high,unset,,0
9GKnaIpqSRA_013,9GKnaIpqSRA,1,-4.4852791,0.0009174065198749,6.328,both_low,unset,,0
BZ4zd3idtVY_001,BZ4zd3idtVY,1,0.70121956,0.0024389312602579,13.5697,clap_high_only,unset,,0
CHlnwI3VY6E_000,CHlnwI3VY6E,1,-2.0597651,0.0012683311942964,16.5481,mid,unset,,0
CHlnwI3VY6E_002,CHlnwI3VY6E,1,3.1382363,0.2139768451452255,-1.6235,both_high,unset,,0
CHlnwI3VY6E_003,CHlnwI3VY6E,1,2.861064,0.2282941192388534,-19.2913,both_high,unset,,0
CHlnwI3VY6E_005,CHlnwI3VY6E,1,3.7521396,0.234133630990982,2.6181,both_high,unset,,0
CMRF9UwRKpY_006,CMRF9UwRKpY,1,-3.7487111,0.0009387110476382,6.3269,both_low,unset,,0
DXevfNOda1Y_002,DXevfNOda1Y,1,1.560612,0.0019645688589662,24.2908,clap_high_only,unset,,0
DXevfNOda1Y_003,DXevfNOda1Y,1,-2.632575,0.0008581549045629,37.0411,both_low,unset,,0
DcQSQOjoUvs_000,DcQSQOjoUvs,1,-1.2626569,0.0127642108127474,10.7282,panns_high_only,unset,,0
DcQSQOjoUvs_004,DcQSQOjoUvs,1,-3.5498984,0.0076833823695778,3.1271,mid,unset,,0
E_-8NpZvgX8_002,E_-8NpZvgX8,0,-4.1504984,0.0008709398098289,6.4605,both_low,unset,,0
EeylsOcnkV0_000,EeylsOcnkV0,0,-1.3695595,0.0145269287750124,9.6246,panns_high_only,unset,,0
F38e7ixY4a4_004,F38e7ixY4a4,1,-2.0748038,0.0094642993062734,9.8421,panns_high_only,unset,,0
F8HqdV6ZH6M_003,F8HqdV6ZH6M,1,1.6498361,0.0006771561456844,40.6549,clap_high_only,unset,,0
G1CmViCBoyE_000,G1CmViCBoyE,0,0.18202294,0.00119710911531,21.557,clap_high_only,unset,,0
G4HXoD0Za0U_009,G4HXoD0Za0U,0,0.57306081,0.0008541852002963,23.2375,clap_high_only,unset,,0
G4HXoD0Za0U_016,G4HXoD0Za0U,0,-0.76913458,0.0012888746568933,15.3273,mid,unset,,0
GFVh0R4C_Bw_005,GFVh0R4C_Bw,0,-3.5887725,0.0010317143751308,6.2226,both_low,unset,,0
GQvPGbh4Wcs_004,GQvPGbh4Wcs,0,-4.1756086,0.0005569834611378,43.3663,both_low,unset,,0
HudUFSsgtdY_004,HudUFSsgtdY,1,-1.6198349,0.0089654894545674,3.6745,panns_high_only,unset,,0
HvzKA_f6270_002,HvzKA_f6270,0,-2.3163469,0.0014919517561793,15.166,mid,unset,,0
INvijfl8Wyk_000,INvijfl8Wyk,0,-0.45170021,0.018826575949788,41.2803,panns_high_only,unset,,0
IcBQQKO3XYs_010,IcBQQKO3XYs,0,0.79142278,0.0014356299070641,15.4819,clap_high_only,unset,,0
K-X5GQcBnTw_001,K-X5GQcBnTw,0,0.8583675,0.0011459629749879,41.0373,clap_high_only,unset,,0
KwklVl7E6Ec_001,KwklVl7E6Ec,0,-2.4676771,0.1404750645160675,-4.307,panns_high_only,unset,,1
L5BsAkSMLkI_004,L5BsAkSMLkI,1,-4.3092117,0.0009194214362651,6.3498,both_low,unset,,0
MKF8KnsyaJs_003,MKF8KnsyaJs,1,-1.1383202,0.0060347090475261,18.7151,mid,unset,,0
MKF8KnsyaJs_006,MKF8KnsyaJs,1,0.63620234,0.003161676460877,15.2617,clap_high_only,unset,,0
MUch03ZpJQ4_010,MUch03ZpJQ4,1,-0.07372313,0.0040050172246992,0.8034,clap_high_only,unset,,0
MUch03ZpJQ4_012,MUch03ZpJQ4,1,1.0256884,0.0063930349424481,0.4237,clap_high_only,unset,,0
MUch03ZpJQ4_022,MUch03ZpJQ4,1,-0.10483236,0.0120132910087704,2.3022,both_high,unset,,0
MUch03ZpJQ4_025,MUch03ZpJQ4,1,1.0820348,0.0092093786224722,0.474,both_high,unset,,0
MUch03ZpJQ4_031,MUch03ZpJQ4,1,-1.2722448,0.01021508872509,2.7109,panns_high_only,unset,,0
MUch03ZpJQ4_040,MUch03ZpJQ4,1,-2.1782792,0.0107815163210034,3.5989,panns_high_only,unset,,0
MUch03ZpJQ4_042,MUch03ZpJQ4,1,0.23345806,0.007259436417371,2.7297,clap_high_only,unset,,0
MUch03ZpJQ4_057,MUch03ZpJQ4,1,-0.39868996,0.0297540724277496,2.4402,panns_high_only,unset,,0
N6RGCMRicA8_034,N6RGCMRicA8,0,-3.9368763,0.009205094538629,-1.5469,panns_high_only,unset,,0
NQ3iktgJ-bM_000,NQ3iktgJ-bM,0,3.4630275,0.0907105430960655,2.552,both_high,unset,,0
NYcSRGEKqX4_000,NYcSRGEKqX4,1,-1.5079434,0.0149219306185841,9.3594,panns_high_only,unset,,0
NYcSRGEKqX4_002,NYcSRGEKqX4,1,-1.6798866,0.0146162947639822,4.5311,panns_high_only,unset,,0
NYcSRGEKqX4_007,NYcSRGEKqX4,1,-0.62122875,0.002055793069303,5.0396,mid,unset,,0
NlYiS7zp5Wc_002,NlYiS7zp5Wc,1,-1.254742,0.0241083968430757,18.5391,panns_high_only,unset,,0
OqFfzz8sww4_007,OqFfzz8sww4,0,-3.573674,0.0006296499632298,42.066,both_low,unset,,0
P-jbyxAzsW8_003,P-jbyxAzsW8,0,-1.7971569,0.2597500681877136,46.6608,panns_high_only,unset,,0
PBuicCInFfk_001,PBuicCInFfk,1,-3.6231165,0.0011509817559272,4.8609,mid,unset,,0
PSz4Xf47C98_010,PSz4Xf47C98,0,-2.1944289,0.0115320459008216,2.501,panns_high_only,unset,,0
QFh7ktSHtsU_003,QFh7ktSHtsU,1,-2.1112688,0.0423678681254386,23.0545,panns_high_only,unset,,0
QFh7ktSHtsU_006,QFh7ktSHtsU,1,0.28302026,0.000835045648273,27.6382,clap_high_only,unset,,0
R43WTWwgYGY_007,R43WTWwgYGY,1,-1.3193537,0.0214721485972404,9.2373,panns_high_only,unset,,0
R43WTWwgYGY_012,R43WTWwgYGY,1,-3.7582242,0.0010469640837982,6.332,both_low,unset,,0
RnH3K-ddpjs_001,RnH3K-ddpjs,1,-3.1001713,0.0073912502266466,7.7381,mid,unset,,0
RnH3K-ddpjs_006,RnH3K-ddpjs,1,4.8053212,0.6615265607833862,48.9922,both_high,unset,,0
RnH3K-ddpjs_008,RnH3K-ddpjs,1,2.1802859,0.3161308169364929,43.7139,both_high,unset,,0
RnH3K-ddpjs_011,RnH3K-ddpjs,1,-4.3611603,0.0010375748388469,6.3304,both_low,unset,,0
SRpa-WO48cQ_000,SRpa-WO48cQ,1,-1.3954512,0.0111054060980677,9.5015,panns_high_only,unset,,0
SRpa-WO48cQ_004,SRpa-WO48cQ,1,-2.654228,0.0160569082945585,7.6504,panns_high_only,unset,,0
SRpa-WO48cQ_006,SRpa-WO48cQ,1,-2.9379034,0.0048134196549654,9.4761,mid,unset,,0
SRpa-WO48cQ_014,SRpa-WO48cQ,1,1.5512239,0.0084401546046137,32.9706,clap_high_only,unset,,0
SRpa-WO48cQ_022,SRpa-WO48cQ,1,-3.4482937,0.000832718797028,41.7618,both_low,unset,,0
TA0W22-E_0M_001,TA0W22-E_0M,0,-0.76273578,0.0021685161627829,34.6272,mid,unset,,1
TGfr8DXepFM_001,TGfr8DXepFM,1,-3.0553513,0.0023739722091704,44.3172,mid,unset,,0
TGfr8DXepFM_003,TGfr8DXepFM,1,-4.3434706,0.0010114503093063,6.3471,both_low,unset,,0
U36zHkmhn-c_009,U36zHkmhn-c,1,-4.9403133,0.0008038312080316,20.0222,both_low,unset,,0
U36zHkmhn-c_017,U36zHkmhn-c,1,1.9369165,0.002094107447192,-49.7094,clap_high_only,unset,,0
U36zHkmhn-c_018,U36zHkmhn-c,1,0.78075451,0.0014101946726441,10.7823,clap_high_only,unset,,0
U36zHkmhn-c_021,U36zHkmhn-c,1,0.32494861,0.0029142363928258,32.738,clap_high_only,unset,,0
UAsnU0Vn_go_005,UAsnU0Vn_go,1,-4.0208139,0.0006252003950066,44.095,both_low,unset,,0
UAsnU0Vn_go_006,UAsnU0Vn_go,1,0.28976399,0.0007375796558335,25.2133,clap_high_only,unset,,0
UAsnU0Vn_go_007,UAsnU0Vn_go,1,1.1281257,0.0001920845970744,17.6672,clap_high_only,unset,,0
VIXesMqwTbk_006,VIXesMqwTbk,1,1.4390994,0.3593160510063171,49.3635,both_high,unset,,0
W6q_eMvdJ1Y_004,W6q_eMvdJ1Y,0,-3.6338058,0.0007223357679322,31.7662,both_low,unset,,1
WCpDbhSyK7k_002,WCpDbhSyK7k,1,2.3359358,0.1775486171245575,7.2179,both_high,unset,,0
WCpDbhSyK7k_004,WCpDbhSyK7k,1,-1.7884783,0.0145814614370465,11.634,panns_high_only,unset,,0
WCpDbhSyK7k_005,WCpDbhSyK7k,1,0.37479731,0.1028166115283966,-1.2572,both_high,unset,,0
WCpDbhSyK7k_010,WCpDbhSyK7k,1,-0.83337164,0.1409249454736709,-4.102,panns_high_only,unset,,0
WCpDbhSyK7k_015,WCpDbhSyK7k,1,-3.8246667,0.0009827623143792,6.3057,both_low,unset,,0
Whvy26QDqpk_000,Whvy26QDqpk,1,-2.0278623,0.0050519648939371,9.6859,mid,unset,,0
Whvy26QDqpk_002,Whvy26QDqpk,1,-3.675591,0.0076023070141673,6.4963,mid,unset,,0
Whvy26QDqpk_003,Whvy26QDqpk,1,-3.7905536,0.0008529371698386,6.3353,both_low,unset,,0
Ws-kE2loi9E_002,Ws-kE2loi9E,0,-3.9060216,0.0342244133353233,4.2074,panns_high_only,unset,,0
WzFTOmosXpg_003,WzFTOmosXpg,1,-2.9569857,0.0067460150457918,9.8566,mid,unset,,0
X0gS6HRSeVw_003,X0gS6HRSeVw,1,-1.1003573,0.0150411175563931,7.107,panns_high_only,unset,,0
XBgO4iQ6JwY_005,XBgO4iQ6JwY,0,-2.4355614,0.004922604188323,24.0608,mid,unset,,0
XNW1Cjr6bLg_010,XNW1Cjr6bLg,1,-4.5090313,0.0010320933070033,6.508,both_low,unset,,0
XQx_179B1l8_004,XQx_179B1l8,1,-2.3469696,0.0020868349820375,7.5138,mid,unset,,0
XfuquiAUeSY_000,XfuquiAUeSY,1,-1.3675379,0.0093713933601975,17.822,panns_high_only,unset,,0
XrKoDnOcgmk_004,XrKoDnOcgmk,0,-3.7200987,0.0010980959050357,6.2431,both_low,unset,,0
ZLG2nJtty3c_004,ZLG2nJtty3c,1,-3.5667233,0.0015146356308832,6.5104,mid,unset,,0
_1tbZHzRh6w_005,_1tbZHzRh6w,1,-4.2282076,0.0009148934623226,6.2939,both_low,unset,,0
abLpB3cQe0c_009,abLpB3cQe0c,0,-0.10845481,0.0045062811113893,13.7111,clap_high_only,unset,,0
am5t5f9S3Z8_006,am5t5f9S3Z8,0,3.1033595,0.0938640683889389,48.0229,both_high,unset,,1
bOPZAme1kGA_001,bOPZAme1kGA,1,-4.4933982,0.0091093145310878,7.0233,panns_high_only,unset,,0
bOPZAme1kGA_005,bOPZAme1kGA,1,-4.4368377,0.0009611821733415,6.3489,both_low,unset,,0
bWLJ15GJdxs_004,bWLJ15GJdxs,1,2.3621149,0.1519921422004699,13.516,both_high,unset,,0
bWLJ15GJdxs_011,bWLJ15GJdxs,1,2.1301155,0.2817791700363159,7.6261,both_high,unset,,0
bxZQeJ-hKE8_000,bxZQeJ-hKE8,1,-2.3882461,0.0037881722673773,42.7819,mid,unset,,0
c0DEMuw4n1A_001,c0DEMuw4n1A,1,0.08610937,0.0079409722238779,23.47,clap_high_only,unset,,0
cXiZxKCrbyQ_002,cXiZxKCrbyQ,1,-1.4960326,0.0087050376459956,3.4364,mid,unset,,0
d5zTJ6WtNaA_001,d5zTJ6WtNaA,1,-1.4950238,0.0020661680027842,11.7963,mid,unset,,0
d6Pn3NXtw7U_006,d6Pn3NXtw7U,1,0.77002341,0.0124625694006681,18.8419,both_high,unset,,0
d6Pn3NXtw7U_009,d6Pn3NXtw7U,1,-4.296196,0.0009244124521501,6.2813,both_low,unset,,0
d9DN-AWVK9U_003,d9DN-AWVK9U,1,-3.021667,0.0018660190980881,6.6798,mid,unset,,0
d9DN-AWVK9U_005,d9DN-AWVK9U,1,0.46042484,0.0010370722739025,36.2135,clap_high_only,unset,,0
dF-JxO9T-i8_004,dF-JxO9T-i8,1,1.2950304,0.2368705421686172,44.7656,both_high,unset,,0
dF-JxO9T-i8_005,dF-JxO9T-i8,1,1.159664,0.1877521723508834,38.6254,both_high,unset,,0
ddrPXAcwXJQ_010,ddrPXAcwXJQ,1,4.9365616,0.0308081731200218,37.6342,both_high,unset,,0
ddrPXAcwXJQ_012,ddrPXAcwXJQ,1,-4.2921038,0.000955963274464,6.3679,both_low,unset,,0
dfe2AOEcCcg_002,dfe2AOEcCcg,1,-2.9139152,0.0060453070327639,8.8652,mid,unset,,0
dfe2AOEcCcg_005,dfe2AOEcCcg,1,-2.4819705,0.0011718174209818,6.2358,mid,unset,,0
dfe2AOEcCcg_008,dfe2AOEcCcg,1,0.25388363,0.0021669885609298,18.3448,clap_high_only,unset,,0
eC7uNp3FMvA_003,eC7uNp3FMvA,1,-2.6798639,0.0083808293566107,4.5581,mid,unset,,0
eC7uNp3FMvA_004,eC7uNp3FMvA,1,-4.3935866,0.0008755685994401,6.3675,both_low,unset,,0
eXXV3LUohig_005,eXXV3LUohig,1,0.80811244,0.0007142386166378,28.5558,clap_high_only,unset,,0
fLFCU4gQJm0_000,fLFCU4gQJm0,1,-0.11848089,0.009067865088582,13.7201,both_high,unset,,0
fLFCU4gQJm0_007,fLFCU4gQJm0,1,-2.4095664,0.0088940281420946,13.8489,panns_high_only,unset,,0
fXwE9_IWH-c_006,fXwE9_IWH-c,0,-3.4610937,0.0007186715956777,42.094,both_low,unset,,0
fuf6qp-uaHA_002,fuf6qp-uaHA,1,2.2118964,0.0041696918196976,31.8968,clap_high_only,unset,,0
fuf6qp-uaHA_003,fuf6qp-uaHA,1,0.0039930176,0.0013452747371047,20.8074,clap_high_only,unset,,0
fuf6qp-uaHA_009,fuf6qp-uaHA,1,-3.0336266,0.038202129304409,9.8949,panns_high_only,unset,,0
fuf6qp-uaHA_011,fuf6qp-uaHA,1,-4.1815147,0.0010989644797518,6.3392,both_low,unset,,0
g3qdsdztDqQ_000,g3qdsdztDqQ,1,0.52114403,0.0026359376497566,11.3587,clap_high_only,unset,,0
g4tMvJTPtnc_004,g4tMvJTPtnc,1,-0.69854993,0.0764889866113662,12.0987,panns_high_only,unset,,0
hYXJOBBpFHg_000,hYXJOBBpFHg,1,0.093879208,0.002281955210492,22.9091,clap_high_only,unset,,0
iFub1JSiYC4_002,iFub1JSiYC4,1,-2.754622,0.0077915946021676,3.7317,mid,unset,,0
iFub1JSiYC4_003,iFub1JSiYC4,1,-4.3242569,0.0009931792737916,6.3064,both_low,unset,,0
iG1olu8M82U_002,iG1olu8M82U,0,1.1008897,0.2647919058799743,50.1056,both_high,unset,,1
iIA9xASDxSE_003,iIA9xASDxSE,1,-3.4251745,0.0115714604035019,4.9192,panns_high_only,unset,,0
iNmjK7_7Dto_003,iNmjK7_7Dto,1,3.56902,0.0123786181211471,10.2944,both_high,unset,,0
iNmjK7_7Dto_004,iNmjK7_7Dto,1,-1.3447516,0.001370737911202,22.5757,mid,unset,,0
jSQXgyb1vKY_004,jSQXgyb1vKY,1,-3.719075,0.0008072320488281,27.2649,both_low,unset,,0
jvknMvR2iVs_002,jvknMvR2iVs,1,-0.059403498,0.0043801548890769,11.6906,clap_high_only,unset,,0
jvknMvR2iVs_003,jvknMvR2iVs,1,-2.8089509,0.0010168246226385,36.7423,both_low,unset,,0
jvknMvR2iVs_004,jvknMvR2iVs,1,0.21446539,0.0050993901677429,28.6943,clap_high_only,unset,,0
jvknMvR2iVs_005,jvknMvR2iVs,1,2.4860806,0.0306829344481229,16.3676,both_high,unset,,0
k9vrs-N106Q_003,k9vrs-N106Q,1,-0.18551989,0.0011476846411824,14.1457,clap_high_only,unset,,0
kpDQ-6ifdHQ_002,kpDQ-6ifdHQ,1,-0.0018573673,0.0112949842587113,15.1923,both_high,unset,,0
kwcy-9CHGdk_002,kwcy-9CHGdk,0,0.60545772,0.0764871388673782,1.9252,both_high,unset,,0
mlNSL9Bt5dw_000,mlNSL9Bt5dw,1,-0.17774402,0.006225214805454,17.6329,clap_high_only,unset,,0
mlNSL9Bt5dw_001,mlNSL9Bt5dw,1,-2.119935,0.001043350668624,43.7322,mid,unset,,1
n584e3exz7Y_005,n584e3exz7Y,0,0.15979941,0.0010971396695822,43.902,clap_high_only,unset,,0
nfRHPZcp-0Y_003,nfRHPZcp-0Y,1,-3.9627593,0.0009639312047511,6.2634,both_low,unset,,0
o0tTotoFe5M_022,o0tTotoFe5M,0,2.06445,0.005775258410722,9.3904,clap_high_only,unset,,0
pVn529r5yWc_001,pVn529r5yWc,0,-0.91008514,0.0039406069554388,16.0669,mid,unset,,1
q6CTRjrHToY_002,q6CTRjrHToY,1,-3.5347247,0.0008101634448394,43.5183,both_low,unset,,0
qbSDBzawSIw_006,qbSDBzawSIw,0,-2.0290442,0.0051693934947252,6.8755,mid,unset,,0
qyI11NALuMs_000,qyI11NALuMs,0,0.4922629,0.0023270761594176,9.188,clap_high_only,unset,,0
r68V8aBfZD8_001,r68V8aBfZD8,1,-2.0916572,0.0197075866162776,10.692,panns_high_only,unset,,0
r68V8aBfZD8_002,r68V8aBfZD8,1,1.8519696,0.05379568785429,-4.6647,both_high,unset,,0
r68V8aBfZD8_007,r68V8aBfZD8,1,0.49117598,0.0034769233316183,14.2457,clap_high_only,unset,,0
r68V8aBfZD8_008,r68V8aBfZD8,1,-0.86579633,0.0051924190483987,9.1614,mid,unset,,0
t6scQL95LAM_001,t6scQL95LAM,1,-1.2360895,0.0068471780978143,7.585,mid,unset,,0
t6scQL95LAM_006,t6scQL95LAM,1,0.98986346,0.0976577997207641,10.9184,both_high,unset,,0
t6scQL95LAM_008,t6scQL95LAM,1,-4.3958201,0.0010288413614034,6.3273,both_low,unset,,0
tMvCw-t6-Uc_001,tMvCw-t6-Uc,1,-2.1268005,0.0301934052258729,6.3297,panns_high_only,unset,,1
tMvCw-t6-Uc_004,tMvCw-t6-Uc,1,2.7719574,0.2407769709825515,-2.4676,both_high,unset,,1
tMvCw-t6-Uc_005,tMvCw-t6-Uc,1,2.6629467,0.2730673551559448,3.3595,both_high,unset,,0
uMm5I9C7MDQ_005,uMm5I9C7MDQ,1,-1.9341258,0.0022727856412529,42.6645,mid,unset,,1
uMm5I9C7MDQ_009,uMm5I9C7MDQ,1,-3.1325693,0.0012955155689269,36.9819,mid,unset,,0
uMm5I9C7MDQ_014,uMm5I9C7MDQ,1,-2.3045022,0.0220467559993267,7.6098,panns_high_only,unset,,0
uMm5I9C7MDQ_015,uMm5I9C7MDQ,1,-4.0874753,0.0010575091000646,6.3294,both_low,unset,,0
uQ-mD4O0Lpw_000,uQ-mD4O0Lpw,1,-1.0302908,0.0140757309272885,16.0792,panns_high_only,unset,,0
uQ-mD4O0Lpw_005,uQ-mD4O0Lpw,1,-3.7264671,0.0008028123411349,6.3577,both_low,unset,,0
uYN_9pBHKG0_006,uYN_9pBHKG0,1,1.670572,0.009569788351655,5.2225,both_high,unset,,0
v5Wx3MKlBuM_009,v5Wx3MKlBuM,1,-2.6460371,0.0010856934823095,43.3493,both_low,unset,,0
v5Wx3MKlBuM_011,v5Wx3MKlBuM,1,-2.400759,0.0010989351430907,10.9101,mid,unset,,0
w4hCyh2PlaI_001,w4hCyh2PlaI,1,-3.941839,0.0009984704665839,6.2457,both_low,unset,,0
x3lXIRulmQk_007,x3lXIRulmQk,1,-2.2718852,0.0221087746322155,12.4888,panns_high_only,unset,,0
xGhoDgFe8GQ_004,xGhoDgFe8GQ,1,0.82430857,0.0654525458812713,12.3759,both_high,unset,,0
xGhoDgFe8GQ_005,xGhoDgFe8GQ,1,0.1114118,0.078236885368824,9.9406,both_high,unset,,0
yQX1MseKbh0_001,yQX1MseKbh0,1,-1.8796412,0.0675950571894645,8.1932,panns_high_only,unset,,0
yQX1MseKbh0_003,yQX1MseKbh0,1,-0.60337776,0.0438358522951602,8.5677,panns_high_only,unset,,0
yQX1MseKbh0_011,yQX1MseKbh0,1,0.7640754,0.0013514013262465,5.5015,clap_high_only,unset,,0
yQX1MseKbh0_014,yQX1MseKbh0,1,-0.81000638,0.0032624264713376,38.0187,mid,unset,,0
yQX1MseKbh0_016,yQX1MseKbh0,1,1.1428907,0.0015286984853446,12.896,clap_high_only,unset,,0
z0d7n9QxYiE_009,z0d7n9QxYiE,0,4.3538289,0.3384808599948883,48.069,both_high,unset,,0
zLH6UBjv7iM_005,zLH6UBjv7iM,0,-2.4723134,0.000664375082124,42.8659,mid,unset,,0
